[
    {
        "timestamp": "2023-10-31T00:00:00Z",
        "field1": 9.7,
        "field2": 85.8,
        "field3": 115.2
    },
    {
        "timestamp": "2023-11-01T00:00:00Z",
        "field1": 6.9,
        "field2": 88.2,
        "field3": 240.6
    },
    {
        "timestamp": "2023-11-02T00:00:00Z",
        "field1": 9.9,
        "field2": 77.7,
        "field3": 16.2
    },
    {
        "timestamp": "2023-11-03T00:00:00Z",
        "field1": 16.7,
        "field2": 76.4,
        "field3": 51.4
    },
    {
        "timestamp": "2023-11-04T00:00:00Z",
        "field1": 15.9,
        "field2": 77.4,
        "field3": 166.2
    },
    {
        "timestamp": "2023-11-05T00:00:00Z",
        "field1": 13.2,
        "field2": 81.3,
        "field3": 82.1
    },
    {
        "timestamp": "2023-11-06T00:00:00Z",
        "field1": 8.9,
        "field2": 88.3,
        "field3": 243.8
    },
    {
        "timestamp": "2023-11-07T00:00:00Z",
        "field1": 9.9,
        "field2": 87.7,
        "field3": 19.0
    },
    {
        "timestamp": "2023-11-08T00:00:00Z",
        "field1": 10.7,
        "field2": 75.3,
        "field3": 133.6
    },
    {
        "timestamp": "2023-11-09T00:00:00Z",
        "field1": 7.9,
        "field2": 90.0,
        "field3": 117.2
    },
    {
        "timestamp": "2023-11-10T00:00:00Z",
        "field1": 17.0,
        "field2": 79.9,
        "field3": 110.1
    },
    {
        "timestamp": "2023-11-11T00:00:00Z",
        "field1": 13.8,
        "field2": 89.7,
        "field3": 140.9
    },
    {
        "timestamp": "2023-11-12T00:00:00Z",
        "field1": 10.4,
        "field2": 80.3,
        "field3": 183.5
    },
    {
        "timestamp": "2023-11-13T00:00:00Z",
        "field1": 14.5,
        "field2": 85.5,
        "field3": 123.6
    },
    {
        "timestamp": "2023-11-14T00:00:00Z",
        "field1": 15.7,
        "field2": 77.1,
        "field3": 178.8
    },
    {
        "timestamp": "2023-11-15T00:00:00Z",
        "field1": 14.9,
        "field2": 89.6,
        "field3": 79.5
    },
    {
        "timestamp": "2023-11-16T00:00:00Z",
        "field1": 8.6,
        "field2": 81.2,
        "field3": 28.4
    },
    {
        "timestamp": "2023-11-17T00:00:00Z",
        "field1": 7.4,
        "field2": 84.7,
        "field3": 12.4
    },
    {
        "timestamp": "2023-11-18T00:00:00Z",
        "field1": 6.3,
        "field2": 82.9,
        "field3": 120.2
    },
    {
        "timestamp": "2023-11-19T00:00:00Z",
        "field1": 11.8,
        "field2": 85.9,
        "field3": 167.9
    },
    {
        "timestamp": "2023-11-20T00:00:00Z",
        "field1": 10.8,
        "field2": 89.0,
        "field3": 60.0
    },
    {
        "timestamp": "2023-11-21T00:00:00Z",
        "field1": 13.1,
        "field2": 78.6,
        "field3": 141.9
    },
    {
        "timestamp": "2023-11-22T00:00:00Z",
        "field1": 9.0,
        "field2": 75.1,
        "field3": 104.3
    },
    {
        "timestamp": "2023-11-23T00:00:00Z",
        "field1": 11.1,
        "field2": 80.7,
        "field3": 52.1
    },
    {
        "timestamp": "2023-11-24T00:00:00Z",
        "field1": 9.4,
        "field2": 83.7,
        "field3": 178.7
    },
    {
        "timestamp": "2023-11-25T00:00:00Z",
        "field1": 16.1,
        "field2": 77.7,
        "field3": 173.5
    },
    {
        "timestamp": "2023-11-26T00:00:00Z",
        "field1": 16.8,
        "field2": 85.8,
        "field3": 221.2
    },
    {
        "timestamp": "2023-11-27T00:00:00Z",
        "field1": 14.7,
        "field2": 76.1,
        "field3": 247.3
    },
    {
        "timestamp": "2023-11-28T00:00:00Z",
        "field1": 6.5,
        "field2": 82.2,
        "field3": 76.5
    },
    {
        "timestamp": "2023-11-29T00:00:00Z",
        "field1": 14.0,
        "field2": 76.9,
        "field3": 230.0
    },
    {
        "timestamp": "2023-11-30T00:00:00Z",
        "field1": 5.9,
        "field2": 89.1,
        "field3": 59.3
    },
    {
        "timestamp": "2023-12-01T00:00:00Z",
        "field1": 6.9,
        "field2": 94.7,
        "field3": 153.9
    },
    {
        "timestamp": "2023-12-02T00:00:00Z",
        "field1": 1.3,
        "field2": 94.3,
        "field3": 79.9
    },
    {
        "timestamp": "2023-12-03T00:00:00Z",
        "field1": 3.1,
        "field2": 84.8,
        "field3": 103.1
    },
    {
        "timestamp": "2023-12-04T00:00:00Z",
        "field1": -1.2,
        "field2": 94.8,
        "field3": 169.3
    },
    {
        "timestamp": "2023-12-05T00:00:00Z",
        "field1": 5.9,
        "field2": 80.4,
        "field3": 52.4
    },
    {
        "timestamp": "2023-12-06T00:00:00Z",
        "field1": 5.2,
        "field2": 86.9,
        "field3": 92.1
    },
    {
        "timestamp": "2023-12-07T00:00:00Z",
        "field1": 5.2,
        "field2": 87.2,
        "field3": 266.3
    },
    {
        "timestamp": "2023-12-08T00:00:00Z",
        "field1": -0.3,
        "field2": 82.0,
        "field3": 213.9
    },
    {
        "timestamp": "2023-12-09T00:00:00Z",
        "field1": 6.1,
        "field2": 93.0,
        "field3": 185.6
    },
    {
        "timestamp": "2023-12-10T00:00:00Z",
        "field1": -2.0,
        "field2": 81.2,
        "field3": 286.2
    },
    {
        "timestamp": "2023-12-11T00:00:00Z",
        "field1": 6.0,
        "field2": 89.2,
        "field3": 239.1
    },
    {
        "timestamp": "2023-12-12T00:00:00Z",
        "field1": 0.3,
        "field2": 80.6,
        "field3": 206.6
    },
    {
        "timestamp": "2023-12-13T00:00:00Z",
        "field1": 0.8,
        "field2": 93.4,
        "field3": 196.5
    },
    {
        "timestamp": "2023-12-14T00:00:00Z",
        "field1": 6.3,
        "field2": 93.9,
        "field3": 52.1
    },
    {
        "timestamp": "2023-12-15T00:00:00Z",
        "field1": 6.4,
        "field2": 87.3,
        "field3": 159.8
    },
    {
        "timestamp": "2023-12-16T00:00:00Z",
        "field1": 6.6,
        "field2": 93.8,
        "field3": 119.4
    },
    {
        "timestamp": "2023-12-17T00:00:00Z",
        "field1": 3.2,
        "field2": 81.5,
        "field3": 174.7
    },
    {
        "timestamp": "2023-12-18T00:00:00Z",
        "field1": 0.9,
        "field2": 91.5,
        "field3": 147.1
    },
    {
        "timestamp": "2023-12-19T00:00:00Z",
        "field1": 1.8,
        "field2": 84.4,
        "field3": 164.7
    },
    {
        "timestamp": "2023-12-20T00:00:00Z",
        "field1": 3.8,
        "field2": 87.9,
        "field3": 212.6
    },
    {
        "timestamp": "2023-12-21T00:00:00Z",
        "field1": -0.7,
        "field2": 80.1,
        "field3": 129.1
    },
    {
        "timestamp": "2023-12-22T00:00:00Z",
        "field1": 3.9,
        "field2": 89.2,
        "field3": 238.3
    },
    {
        "timestamp": "2023-12-23T00:00:00Z",
        "field1": -0.6,
        "field2": 88.2,
        "field3": 77.2
    },
    {
        "timestamp": "2023-12-24T00:00:00Z",
        "field1": -0.2,
        "field2": 82.6,
        "field3": 225.0
    },
    {
        "timestamp": "2023-12-25T00:00:00Z",
        "field1": 5.8,
        "field2": 81.9,
        "field3": 168.7
    },
    {
        "timestamp": "2023-12-26T00:00:00Z",
        "field1": -0.9,
        "field2": 88.9,
        "field3": 52.5
    },
    {
        "timestamp": "2023-12-27T00:00:00Z",
        "field1": 2.3,
        "field2": 87.2,
        "field3": 233.6
    },
    {
        "timestamp": "2023-12-28T00:00:00Z",
        "field1": 5.1,
        "field2": 86.2,
        "field3": 245.6
    },
    {
        "timestamp": "2023-12-29T00:00:00Z",
        "field1": -1.7,
        "field2": 92.5,
        "field3": 253.7
    },
    {
        "timestamp": "2023-12-30T00:00:00Z",
        "field1": 2.1,
        "field2": 93.9,
        "field3": 177.1
    },
    {
        "timestamp": "2023-12-31T00:00:00Z",
        "field1": -1.6,
        "field2": 91.3,
        "field3": 152.3
    },
    {
        "timestamp": "2024-01-01T00:00:00Z",
        "field1": 2.7,
        "field2": 92.4,
        "field3": 80.0
    },
    {
        "timestamp": "2024-01-02T00:00:00Z",
        "field1": 4.2,
        "field2": 80.9,
        "field3": 161.7
    },
    {
        "timestamp": "2024-01-03T00:00:00Z",
        "field1": 0.3,
        "field2": 88.9,
        "field3": 214.1
    },
    {
        "timestamp": "2024-01-04T00:00:00Z",
        "field1": 6.1,
        "field2": 88.8,
        "field3": 135.3
    },
    {
        "timestamp": "2024-01-05T00:00:00Z",
        "field1": 0.4,
        "field2": 93.3,
        "field3": 103.6
    },
    {
        "timestamp": "2024-01-06T00:00:00Z",
        "field1": 0.2,
        "field2": 91.8,
        "field3": 165.1
    },
    {
        "timestamp": "2024-01-07T00:00:00Z",
        "field1": -0.6,
        "field2": 81.3,
        "field3": 94.0
    },
    {
        "timestamp": "2024-01-08T00:00:00Z",
        "field1": 2.9,
        "field2": 82.1,
        "field3": 58.0
    },
    {
        "timestamp": "2024-01-09T00:00:00Z",
        "field1": -2.0,
        "field2": 88.4,
        "field3": 105.5
    },
    {
        "timestamp": "2024-01-10T00:00:00Z",
        "field1": -1.2,
        "field2": 85.2,
        "field3": 193.8
    },
    {
        "timestamp": "2024-01-11T00:00:00Z",
        "field1": -0.7,
        "field2": 81.8,
        "field3": 107.6
    },
    {
        "timestamp": "2024-01-12T00:00:00Z",
        "field1": 1.2,
        "field2": 89.2,
        "field3": 90.2
    },
    {
        "timestamp": "2024-01-13T00:00:00Z",
        "field1": 3.8,
        "field2": 92.3,
        "field3": 198.9
    },
    {
        "timestamp": "2024-01-14T00:00:00Z",
        "field1": 5.6,
        "field2": 91.0,
        "field3": 172.0
    },
    {
        "timestamp": "2024-01-15T00:00:00Z",
        "field1": 5.6,
        "field2": 87.4,
        "field3": 148.8
    },
    {
        "timestamp": "2024-01-16T00:00:00Z",
        "field1": -1.6,
        "field2": 90.0,
        "field3": 167.6
    },
    {
        "timestamp": "2024-01-17T00:00:00Z",
        "field1": 6.8,
        "field2": 87.4,
        "field3": 102.5
    },
    {
        "timestamp": "2024-01-18T00:00:00Z",
        "field1": 0.2,
        "field2": 87.6,
        "field3": 261.9
    },
    {
        "timestamp": "2024-01-19T00:00:00Z",
        "field1": 3.7,
        "field2": 82.2,
        "field3": 198.8
    },
    {
        "timestamp": "2024-01-20T00:00:00Z",
        "field1": 0.7,
        "field2": 83.5,
        "field3": 207.3
    },
    {
        "timestamp": "2024-01-21T00:00:00Z",
        "field1": 2.0,
        "field2": 80.3,
        "field3": 170.6
    },
    {
        "timestamp": "2024-01-22T00:00:00Z",
        "field1": 0.1,
        "field2": 80.5,
        "field3": 229.0
    },
    {
        "timestamp": "2024-01-23T00:00:00Z",
        "field1": 6.6,
        "field2": 90.2,
        "field3": 298.2
    },
    {
        "timestamp": "2024-01-24T00:00:00Z",
        "field1": 6.3,
        "field2": 92.8,
        "field3": 227.0
    },
    {
        "timestamp": "2024-01-25T00:00:00Z",
        "field1": 3.5,
        "field2": 91.2,
        "field3": 66.3
    },
    {
        "timestamp": "2024-01-26T00:00:00Z",
        "field1": 1.3,
        "field2": 86.4,
        "field3": 76.1
    },
    {
        "timestamp": "2024-01-27T00:00:00Z",
        "field1": -1.1,
        "field2": 87.2,
        "field3": 127.8
    },
    {
        "timestamp": "2024-01-28T00:00:00Z",
        "field1": 6.3,
        "field2": 89.7,
        "field3": 188.4
    },
    {
        "timestamp": "2024-01-29T00:00:00Z",
        "field1": 6.4,
        "field2": 89.6,
        "field3": 237.8
    },
    {
        "timestamp": "2024-01-30T00:00:00Z",
        "field1": 1.3,
        "field2": 94.4,
        "field3": 167.1
    },
    {
        "timestamp": "2024-01-31T00:00:00Z",
        "field1": 3.0,
        "field2": 93.8,
        "field3": 144.8
    },
    {
        "timestamp": "2024-02-01T00:00:00Z",
        "field1": 2.8,
        "field2": 88.3,
        "field3": 217.8
    },
    {
        "timestamp": "2024-02-02T00:00:00Z",
        "field1": 5.1,
        "field2": 82.7,
        "field3": 279.4
    },
    {
        "timestamp": "2024-02-03T00:00:00Z",
        "field1": 5.7,
        "field2": 86.4,
        "field3": 246.9
    },
    {
        "timestamp": "2024-02-04T00:00:00Z",
        "field1": 1.6,
        "field2": 85.8,
        "field3": 116.8
    },
    {
        "timestamp": "2024-02-05T00:00:00Z",
        "field1": 4.2,
        "field2": 94.7,
        "field3": 186.6
    },
    {
        "timestamp": "2024-02-06T00:00:00Z",
        "field1": -1.5,
        "field2": 93.2,
        "field3": 275.6
    },
    {
        "timestamp": "2024-02-07T00:00:00Z",
        "field1": 5.9,
        "field2": 88.0,
        "field3": 112.5
    },
    {
        "timestamp": "2024-02-08T00:00:00Z",
        "field1": 4.8,
        "field2": 82.9,
        "field3": 78.7
    },
    {
        "timestamp": "2024-02-09T00:00:00Z",
        "field1": 4.3,
        "field2": 83.2,
        "field3": 218.4
    },
    {
        "timestamp": "2024-02-10T00:00:00Z",
        "field1": 5.5,
        "field2": 94.0,
        "field3": 74.5
    },
    {
        "timestamp": "2024-02-11T00:00:00Z",
        "field1": 0.7,
        "field2": 87.3,
        "field3": 292.7
    },
    {
        "timestamp": "2024-02-12T00:00:00Z",
        "field1": 4.1,
        "field2": 81.4,
        "field3": 276.0
    },
    {
        "timestamp": "2024-02-13T00:00:00Z",
        "field1": 5.7,
        "field2": 85.3,
        "field3": 222.6
    },
    {
        "timestamp": "2024-02-14T00:00:00Z",
        "field1": 4.9,
        "field2": 80.8,
        "field3": 122.3
    },
    {
        "timestamp": "2024-02-15T00:00:00Z",
        "field1": 2.0,
        "field2": 93.7,
        "field3": 71.3
    },
    {
        "timestamp": "2024-02-16T00:00:00Z",
        "field1": 4.0,
        "field2": 93.5,
        "field3": 221.2
    },
    {
        "timestamp": "2024-02-17T00:00:00Z",
        "field1": 4.9,
        "field2": 82.9,
        "field3": 132.2
    },
    {
        "timestamp": "2024-02-18T00:00:00Z",
        "field1": 1.6,
        "field2": 93.3,
        "field3": 51.5
    },
    {
        "timestamp": "2024-02-19T00:00:00Z",
        "field1": -1.9,
        "field2": 89.9,
        "field3": 221.6
    },
    {
        "timestamp": "2024-02-20T00:00:00Z",
        "field1": 2.5,
        "field2": 94.9,
        "field3": 251.9
    },
    {
        "timestamp": "2024-02-21T00:00:00Z",
        "field1": 3.1,
        "field2": 90.1,
        "field3": 147.9
    },
    {
        "timestamp": "2024-02-22T00:00:00Z",
        "field1": 0.2,
        "field2": 93.2,
        "field3": 169.1
    },
    {
        "timestamp": "2024-02-23T00:00:00Z",
        "field1": -1.0,
        "field2": 91.8,
        "field3": 263.9
    },
    {
        "timestamp": "2024-02-24T00:00:00Z",
        "field1": 0.4,
        "field2": 83.7,
        "field3": 235.1
    },
    {
        "timestamp": "2024-02-25T00:00:00Z",
        "field1": 3.6,
        "field2": 81.5,
        "field3": 128.0
    },
    {
        "timestamp": "2024-02-26T00:00:00Z",
        "field1": 4.5,
        "field2": 82.2,
        "field3": 167.4
    },
    {
        "timestamp": "2024-02-27T00:00:00Z",
        "field1": 3.0,
        "field2": 92.8,
        "field3": 173.4
    },
    {
        "timestamp": "2024-02-28T00:00:00Z",
        "field1": 2.9,
        "field2": 88.8,
        "field3": 236.5
    },
    {
        "timestamp": "2024-02-29T00:00:00Z",
        "field1": -0.1,
        "field2": 82.8,
        "field3": 187.0
    },
    {
        "timestamp": "2024-03-01T00:00:00Z",
        "field1": 6.6,
        "field2": 73.5,
        "field3": 31.7
    },
    {
        "timestamp": "2024-03-02T00:00:00Z",
        "field1": 13.0,
        "field2": 77.7,
        "field3": 191.0
    },
    {
        "timestamp": "2024-03-03T00:00:00Z",
        "field1": 7.3,
        "field2": 83.5,
        "field3": 73.0
    },
    {
        "timestamp": "2024-03-04T00:00:00Z",
        "field1": 11.8,
        "field2": 81.9,
        "field3": 199.7
    },
    {
        "timestamp": "2024-03-05T00:00:00Z",
        "field1": 5.7,
        "field2": 77.2,
        "field3": 188.0
    },
    {
        "timestamp": "2024-03-06T00:00:00Z",
        "field1": 11.5,
        "field2": 82.3,
        "field3": 119.5
    },
    {
        "timestamp": "2024-03-07T00:00:00Z",
        "field1": 11.8,
        "field2": 71.1,
        "field3": 157.5
    },
    {
        "timestamp": "2024-03-08T00:00:00Z",
        "field1": 5.5,
        "field2": 82.5,
        "field3": 51.4
    },
    {
        "timestamp": "2024-03-09T00:00:00Z",
        "field1": 7.6,
        "field2": 79.7,
        "field3": 147.8
    },
    {
        "timestamp": "2024-03-10T00:00:00Z",
        "field1": 10.6,
        "field2": 83.1,
        "field3": 136.4
    },
    {
        "timestamp": "2024-03-11T00:00:00Z",
        "field1": 12.9,
        "field2": 80.6,
        "field3": 21.7
    },
    {
        "timestamp": "2024-03-12T00:00:00Z",
        "field1": 9.3,
        "field2": 74.1,
        "field3": 100.1
    },
    {
        "timestamp": "2024-03-13T00:00:00Z",
        "field1": 6.7,
        "field2": 75.8,
        "field3": 185.0
    },
    {
        "timestamp": "2024-03-14T00:00:00Z",
        "field1": 6.0,
        "field2": 84.6,
        "field3": 40.3
    },
    {
        "timestamp": "2024-03-15T00:00:00Z",
        "field1": 12.4,
        "field2": 79.7,
        "field3": 52.0
    },
    {
        "timestamp": "2024-03-16T00:00:00Z",
        "field1": 9.5,
        "field2": 81.2,
        "field3": 20.6
    },
    {
        "timestamp": "2024-03-17T00:00:00Z",
        "field1": 5.7,
        "field2": 79.5,
        "field3": 152.6
    },
    {
        "timestamp": "2024-03-18T00:00:00Z",
        "field1": 9.2,
        "field2": 80.0,
        "field3": 177.9
    },
    {
        "timestamp": "2024-03-19T00:00:00Z",
        "field1": 11.3,
        "field2": 76.1,
        "field3": 76.1
    },
    {
        "timestamp": "2024-03-20T00:00:00Z",
        "field1": 12.1,
        "field2": 75.1,
        "field3": 100.3
    },
    {
        "timestamp": "2024-03-21T00:00:00Z",
        "field1": 6.9,
        "field2": 75.7,
        "field3": 107.6
    },
    {
        "timestamp": "2024-03-22T00:00:00Z",
        "field1": 14.1,
        "field2": 84.9,
        "field3": 93.2
    },
    {
        "timestamp": "2024-03-23T00:00:00Z",
        "field1": 9.4,
        "field2": 77.9,
        "field3": 179.7
    },
    {
        "timestamp": "2024-03-24T00:00:00Z",
        "field1": 7.6,
        "field2": 76.9,
        "field3": 155.3
    },
    {
        "timestamp": "2024-03-25T00:00:00Z",
        "field1": 15.0,
        "field2": 78.9,
        "field3": 71.2
    },
    {
        "timestamp": "2024-03-26T00:00:00Z",
        "field1": 7.4,
        "field2": 70.7,
        "field3": 94.3
    },
    {
        "timestamp": "2024-03-27T00:00:00Z",
        "field1": 12.9,
        "field2": 70.6,
        "field3": 125.6
    },
    {
        "timestamp": "2024-03-28T00:00:00Z",
        "field1": 6.1,
        "field2": 81.4,
        "field3": 176.7
    },
    {
        "timestamp": "2024-03-29T00:00:00Z",
        "field1": 5.1,
        "field2": 82.6,
        "field3": 81.3
    },
    {
        "timestamp": "2024-03-30T00:00:00Z",
        "field1": 12.5,
        "field2": 71.1,
        "field3": 137.8
    },
    {
        "timestamp": "2024-03-31T00:00:00Z",
        "field1": 7.3,
        "field2": 74.1,
        "field3": 161.8
    },
    {
        "timestamp": "2024-04-01T00:00:00Z",
        "field1": 12.9,
        "field2": 74.5,
        "field3": 59.6
    },
    {
        "timestamp": "2024-04-02T00:00:00Z",
        "field1": 7.8,
        "field2": 79.3,
        "field3": 152.2
    },
    {
        "timestamp": "2024-04-03T00:00:00Z",
        "field1": 8.5,
        "field2": 77.5,
        "field3": 53.0
    },
    {
        "timestamp": "2024-04-04T00:00:00Z",
        "field1": 11.4,
        "field2": 71.1,
        "field3": 138.5
    },
    {
        "timestamp": "2024-04-05T00:00:00Z",
        "field1": 6.6,
        "field2": 72.3,
        "field3": 123.5
    },
    {
        "timestamp": "2024-04-06T00:00:00Z",
        "field1": 12.2,
        "field2": 76.1,
        "field3": 138.5
    },
    {
        "timestamp": "2024-04-07T00:00:00Z",
        "field1": 12.1,
        "field2": 83.5,
        "field3": 50.6
    },
    {
        "timestamp": "2024-04-08T00:00:00Z",
        "field1": 13.6,
        "field2": 83.4,
        "field3": 54.0
    },
    {
        "timestamp": "2024-04-09T00:00:00Z",
        "field1": 13.6,
        "field2": 83.8,
        "field3": 87.4
    },
    {
        "timestamp": "2024-04-10T00:00:00Z",
        "field1": 5.3,
        "field2": 80.6,
        "field3": 117.5
    },
    {
        "timestamp": "2024-04-11T00:00:00Z",
        "field1": 11.8,
        "field2": 73.5,
        "field3": 173.5
    },
    {
        "timestamp": "2024-04-12T00:00:00Z",
        "field1": 12.3,
        "field2": 70.5,
        "field3": 115.5
    },
    {
        "timestamp": "2024-04-13T00:00:00Z",
        "field1": 6.3,
        "field2": 75.4,
        "field3": 171.2
    },
    {
        "timestamp": "2024-04-14T00:00:00Z",
        "field1": 6.3,
        "field2": 79.8,
        "field3": 26.3
    },
    {
        "timestamp": "2024-04-15T00:00:00Z",
        "field1": 9.7,
        "field2": 74.3,
        "field3": 90.6
    },
    {
        "timestamp": "2024-04-16T00:00:00Z",
        "field1": 5.8,
        "field2": 81.7,
        "field3": 144.8
    },
    {
        "timestamp": "2024-04-17T00:00:00Z",
        "field1": 9.6,
        "field2": 78.6,
        "field3": 76.5
    },
    {
        "timestamp": "2024-04-18T00:00:00Z",
        "field1": 7.4,
        "field2": 79.3,
        "field3": 119.4
    },
    {
        "timestamp": "2024-04-19T00:00:00Z",
        "field1": 11.9,
        "field2": 70.3,
        "field3": 113.3
    },
    {
        "timestamp": "2024-04-20T00:00:00Z",
        "field1": 12.0,
        "field2": 73.4,
        "field3": 107.6
    },
    {
        "timestamp": "2024-04-21T00:00:00Z",
        "field1": 5.9,
        "field2": 84.0,
        "field3": 23.2
    },
    {
        "timestamp": "2024-04-22T00:00:00Z",
        "field1": 7.3,
        "field2": 78.9,
        "field3": 184.3
    },
    {
        "timestamp": "2024-04-23T00:00:00Z",
        "field1": 7.3,
        "field2": 77.7,
        "field3": 77.4
    },
    {
        "timestamp": "2024-04-24T00:00:00Z",
        "field1": 14.6,
        "field2": 82.1,
        "field3": 93.9
    },
    {
        "timestamp": "2024-04-25T00:00:00Z",
        "field1": 7.6,
        "field2": 79.9,
        "field3": 58.4
    },
    {
        "timestamp": "2024-04-26T00:00:00Z",
        "field1": 14.3,
        "field2": 73.5,
        "field3": 87.4
    },
    {
        "timestamp": "2024-04-27T00:00:00Z",
        "field1": 7.4,
        "field2": 70.5,
        "field3": 162.3
    },
    {
        "timestamp": "2024-04-28T00:00:00Z",
        "field1": 9.5,
        "field2": 76.9,
        "field3": 30.4
    },
    {
        "timestamp": "2024-04-29T00:00:00Z",
        "field1": 13.8,
        "field2": 70.9,
        "field3": 94.3
    },
    {
        "timestamp": "2024-04-30T00:00:00Z",
        "field1": 9.3,
        "field2": 76.9,
        "field3": 128.0
    },
    {
        "timestamp": "2024-05-01T00:00:00Z",
        "field1": 6.8,
        "field2": 81.8,
        "field3": 56.4
    },
    {
        "timestamp": "2024-05-02T00:00:00Z",
        "field1": 8.2,
        "field2": 74.3,
        "field3": 147.4
    },
    {
        "timestamp": "2024-05-03T00:00:00Z",
        "field1": 6.6,
        "field2": 72.4,
        "field3": 182.5
    },
    {
        "timestamp": "2024-05-04T00:00:00Z",
        "field1": 14.6,
        "field2": 73.8,
        "field3": 167.8
    },
    {
        "timestamp": "2024-05-05T00:00:00Z",
        "field1": 7.3,
        "field2": 79.0,
        "field3": 39.1
    },
    {
        "timestamp": "2024-05-06T00:00:00Z",
        "field1": 6.8,
        "field2": 75.9,
        "field3": 42.2
    },
    {
        "timestamp": "2024-05-07T00:00:00Z",
        "field1": 14.1,
        "field2": 77.3,
        "field3": 51.0
    },
    {
        "timestamp": "2024-05-08T00:00:00Z",
        "field1": 13.3,
        "field2": 71.7,
        "field3": 155.4
    },
    {
        "timestamp": "2024-05-09T00:00:00Z",
        "field1": 14.7,
        "field2": 75.2,
        "field3": 107.6
    },
    {
        "timestamp": "2024-05-10T00:00:00Z",
        "field1": 11.0,
        "field2": 75.7,
        "field3": 162.1
    },
    {
        "timestamp": "2024-05-11T00:00:00Z",
        "field1": 7.6,
        "field2": 77.3,
        "field3": 56.9
    },
    {
        "timestamp": "2024-05-12T00:00:00Z",
        "field1": 7.5,
        "field2": 82.7,
        "field3": 49.4
    },
    {
        "timestamp": "2024-05-13T00:00:00Z",
        "field1": 13.1,
        "field2": 77.0,
        "field3": 33.8
    },
    {
        "timestamp": "2024-05-14T00:00:00Z",
        "field1": 7.0,
        "field2": 70.1,
        "field3": 124.2
    },
    {
        "timestamp": "2024-05-15T00:00:00Z",
        "field1": 12.8,
        "field2": 83.0,
        "field3": 43.7
    },
    {
        "timestamp": "2024-05-16T00:00:00Z",
        "field1": 7.7,
        "field2": 76.0,
        "field3": 180.4
    },
    {
        "timestamp": "2024-05-17T00:00:00Z",
        "field1": 12.2,
        "field2": 77.0,
        "field3": 77.9
    },
    {
        "timestamp": "2024-05-18T00:00:00Z",
        "field1": 10.3,
        "field2": 76.9,
        "field3": 54.7
    },
    {
        "timestamp": "2024-05-19T00:00:00Z",
        "field1": 11.9,
        "field2": 80.9,
        "field3": 98.6
    },
    {
        "timestamp": "2024-05-20T00:00:00Z",
        "field1": 8.6,
        "field2": 81.8,
        "field3": 94.0
    },
    {
        "timestamp": "2024-05-21T00:00:00Z",
        "field1": 6.3,
        "field2": 71.6,
        "field3": 124.1
    },
    {
        "timestamp": "2024-05-22T00:00:00Z",
        "field1": 10.8,
        "field2": 80.1,
        "field3": 190.6
    },
    {
        "timestamp": "2024-05-23T00:00:00Z",
        "field1": 5.5,
        "field2": 73.9,
        "field3": 148.4
    },
    {
        "timestamp": "2024-05-24T00:00:00Z",
        "field1": 6.2,
        "field2": 72.3,
        "field3": 101.6
    },
    {
        "timestamp": "2024-05-25T00:00:00Z",
        "field1": 10.2,
        "field2": 71.3,
        "field3": 199.1
    },
    {
        "timestamp": "2024-05-26T00:00:00Z",
        "field1": 8.1,
        "field2": 76.8,
        "field3": 56.2
    },
    {
        "timestamp": "2024-05-27T00:00:00Z",
        "field1": 10.7,
        "field2": 72.9,
        "field3": 58.2
    },
    {
        "timestamp": "2024-05-28T00:00:00Z",
        "field1": 7.1,
        "field2": 73.2,
        "field3": 137.8
    },
    {
        "timestamp": "2024-05-29T00:00:00Z",
        "field1": 7.2,
        "field2": 73.1,
        "field3": 117.3
    },
    {
        "timestamp": "2024-05-30T00:00:00Z",
        "field1": 10.8,
        "field2": 81.2,
        "field3": 94.1
    },
    {
        "timestamp": "2024-05-31T00:00:00Z",
        "field1": 6.7,
        "field2": 84.5,
        "field3": 132.5
    },
    {
        "timestamp": "2024-06-01T00:00:00Z",
        "field1": 19.9,
        "field2": 72.3,
        "field3": 119.4
    },
    {
        "timestamp": "2024-06-02T00:00:00Z",
        "field1": 18.1,
        "field2": 76.0,
        "field3": 41.3
    },
    {
        "timestamp": "2024-06-03T00:00:00Z",
        "field1": 23.9,
        "field2": 60.3,
        "field3": 132.0
    },
    {
        "timestamp": "2024-06-04T00:00:00Z",
        "field1": 15.6,
        "field2": 65.6,
        "field3": 98.7
    },
    {
        "timestamp": "2024-06-05T00:00:00Z",
        "field1": 18.6,
        "field2": 76.6,
        "field3": 78.8
    },
    {
        "timestamp": "2024-06-06T00:00:00Z",
        "field1": 23.2,
        "field2": 70.9,
        "field3": 4.2
    },
    {
        "timestamp": "2024-06-07T00:00:00Z",
        "field1": 18.4,
        "field2": 75.8,
        "field3": 54.6
    },
    {
        "timestamp": "2024-06-08T00:00:00Z",
        "field1": 17.2,
        "field2": 64.3,
        "field3": 91.6
    },
    {
        "timestamp": "2024-06-09T00:00:00Z",
        "field1": 19.5,
        "field2": 65.0,
        "field3": 51.2
    },
    {
        "timestamp": "2024-06-10T00:00:00Z",
        "field1": 21.0,
        "field2": 76.2,
        "field3": 80.4
    },
    {
        "timestamp": "2024-06-11T00:00:00Z",
        "field1": 22.6,
        "field2": 73.5,
        "field3": 121.5
    },
    {
        "timestamp": "2024-06-12T00:00:00Z",
        "field1": 15.6,
        "field2": 78.7,
        "field3": 90.7
    },
    {
        "timestamp": "2024-06-13T00:00:00Z",
        "field1": 18.2,
        "field2": 65.7,
        "field3": 88.6
    },
    {
        "timestamp": "2024-06-14T00:00:00Z",
        "field1": 19.0,
        "field2": 61.7,
        "field3": 64.8
    },
    {
        "timestamp": "2024-06-15T00:00:00Z",
        "field1": 20.5,
        "field2": 70.2,
        "field3": 22.5
    },
    {
        "timestamp": "2024-06-16T00:00:00Z",
        "field1": 17.5,
        "field2": 77.0,
        "field3": 41.4
    },
    {
        "timestamp": "2024-06-17T00:00:00Z",
        "field1": 19.6,
        "field2": 68.2,
        "field3": 81.4
    },
    {
        "timestamp": "2024-06-18T00:00:00Z",
        "field1": 16.6,
        "field2": 74.6,
        "field3": 66.1
    },
    {
        "timestamp": "2024-06-19T00:00:00Z",
        "field1": 17.3,
        "field2": 73.4,
        "field3": 103.1
    },
    {
        "timestamp": "2024-06-20T00:00:00Z",
        "field1": 22.6,
        "field2": 77.1,
        "field3": 72.1
    },
    {
        "timestamp": "2024-06-21T00:00:00Z",
        "field1": 23.9,
        "field2": 72.1,
        "field3": 50.6
    },
    {
        "timestamp": "2024-06-22T00:00:00Z",
        "field1": 18.5,
        "field2": 72.6,
        "field3": 82.1
    },
    {
        "timestamp": "2024-06-23T00:00:00Z",
        "field1": 15.1,
        "field2": 79.1,
        "field3": 104.2
    },
    {
        "timestamp": "2024-06-24T00:00:00Z",
        "field1": 23.0,
        "field2": 71.2,
        "field3": 109.7
    },
    {
        "timestamp": "2024-06-25T00:00:00Z",
        "field1": 18.9,
        "field2": 74.2,
        "field3": 146.8
    },
    {
        "timestamp": "2024-06-26T00:00:00Z",
        "field1": 17.6,
        "field2": 64.9,
        "field3": 115.6
    },
    {
        "timestamp": "2024-06-27T00:00:00Z",
        "field1": 17.9,
        "field2": 75.6,
        "field3": 46.9
    },
    {
        "timestamp": "2024-06-28T00:00:00Z",
        "field1": 24.3,
        "field2": 65.2,
        "field3": 146.6
    },
    {
        "timestamp": "2024-06-29T00:00:00Z",
        "field1": 19.7,
        "field2": 69.8,
        "field3": 99.8
    },
    {
        "timestamp": "2024-06-30T00:00:00Z",
        "field1": 16.8,
        "field2": 60.8,
        "field3": 63.4
    },
    {
        "timestamp": "2024-07-01T00:00:00Z",
        "field1": 22.4,
        "field2": 71.0,
        "field3": 118.1
    },
    {
        "timestamp": "2024-07-02T00:00:00Z",
        "field1": 15.3,
        "field2": 68.9,
        "field3": 66.5
    },
    {
        "timestamp": "2024-07-03T00:00:00Z",
        "field1": 20.5,
        "field2": 72.0,
        "field3": 81.2
    },
    {
        "timestamp": "2024-07-04T00:00:00Z",
        "field1": 22.0,
        "field2": 64.7,
        "field3": 5.4
    },
    {
        "timestamp": "2024-07-05T00:00:00Z",
        "field1": 19.6,
        "field2": 65.5,
        "field3": 124.2
    },
    {
        "timestamp": "2024-07-06T00:00:00Z",
        "field1": 16.5,
        "field2": 79.0,
        "field3": 64.1
    },
    {
        "timestamp": "2024-07-07T00:00:00Z",
        "field1": 20.9,
        "field2": 67.9,
        "field3": 10.7
    },
    {
        "timestamp": "2024-07-08T00:00:00Z",
        "field1": 18.4,
        "field2": 60.3,
        "field3": 8.9
    },
    {
        "timestamp": "2024-07-09T00:00:00Z",
        "field1": 15.8,
        "field2": 76.3,
        "field3": 109.2
    },
    {
        "timestamp": "2024-07-10T00:00:00Z",
        "field1": 22.3,
        "field2": 74.7,
        "field3": 130.6
    },
    {
        "timestamp": "2024-07-11T00:00:00Z",
        "field1": 15.1,
        "field2": 67.8,
        "field3": 23.0
    },
    {
        "timestamp": "2024-07-12T00:00:00Z",
        "field1": 19.0,
        "field2": 61.9,
        "field3": 11.0
    },
    {
        "timestamp": "2024-07-13T00:00:00Z",
        "field1": 15.1,
        "field2": 67.4,
        "field3": 132.5
    },
    {
        "timestamp": "2024-07-14T00:00:00Z",
        "field1": 20.2,
        "field2": 69.7,
        "field3": 113.8
    },
    {
        "timestamp": "2024-07-15T00:00:00Z",
        "field1": 21.6,
        "field2": 69.7,
        "field3": 123.5
    },
    {
        "timestamp": "2024-07-16T00:00:00Z",
        "field1": 19.1,
        "field2": 74.5,
        "field3": 89.9
    },
    {
        "timestamp": "2024-07-17T00:00:00Z",
        "field1": 20.0,
        "field2": 75.7,
        "field3": 59.2
    },
    {
        "timestamp": "2024-07-18T00:00:00Z",
        "field1": 20.6,
        "field2": 76.0,
        "field3": 150.0
    },
    {
        "timestamp": "2024-07-19T00:00:00Z",
        "field1": 18.3,
        "field2": 70.5,
        "field3": 16.7
    },
    {
        "timestamp": "2024-07-20T00:00:00Z",
        "field1": 18.5,
        "field2": 67.8,
        "field3": 26.3
    },
    {
        "timestamp": "2024-07-21T00:00:00Z",
        "field1": 19.4,
        "field2": 64.2,
        "field3": 58.1
    },
    {
        "timestamp": "2024-07-22T00:00:00Z",
        "field1": 24.2,
        "field2": 72.9,
        "field3": 126.3
    },
    {
        "timestamp": "2024-07-23T00:00:00Z",
        "field1": 19.5,
        "field2": 72.0,
        "field3": 128.9
    },
    {
        "timestamp": "2024-07-24T00:00:00Z",
        "field1": 15.8,
        "field2": 71.8,
        "field3": 23.9
    },
    {
        "timestamp": "2024-07-25T00:00:00Z",
        "field1": 23.2,
        "field2": 63.3,
        "field3": 125.0
    },
    {
        "timestamp": "2024-07-26T00:00:00Z",
        "field1": 17.7,
        "field2": 78.0,
        "field3": 61.9
    },
    {
        "timestamp": "2024-07-27T00:00:00Z",
        "field1": 20.5,
        "field2": 61.9,
        "field3": 146.6
    },
    {
        "timestamp": "2024-07-28T00:00:00Z",
        "field1": 15.6,
        "field2": 70.0,
        "field3": 83.0
    },
    {
        "timestamp": "2024-07-29T00:00:00Z",
        "field1": 20.9,
        "field2": 66.0,
        "field3": 91.1
    },
    {
        "timestamp": "2024-07-30T00:00:00Z",
        "field1": 21.9,
        "field2": 61.3,
        "field3": 139.2
    },
    {
        "timestamp": "2024-07-31T00:00:00Z",
        "field1": 25.0,
        "field2": 65.5,
        "field3": 1.1
    },
    {
        "timestamp": "2024-08-01T00:00:00Z",
        "field1": 24.6,
        "field2": 78.7,
        "field3": 148.4
    },
    {
        "timestamp": "2024-08-02T00:00:00Z",
        "field1": 22.7,
        "field2": 72.2,
        "field3": 11.5
    },
    {
        "timestamp": "2024-08-03T00:00:00Z",
        "field1": 24.4,
        "field2": 64.1,
        "field3": 78.8
    },
    {
        "timestamp": "2024-08-04T00:00:00Z",
        "field1": 18.2,
        "field2": 70.8,
        "field3": 60.0
    },
    {
        "timestamp": "2024-08-05T00:00:00Z",
        "field1": 23.9,
        "field2": 61.6,
        "field3": 60.1
    },
    {
        "timestamp": "2024-08-06T00:00:00Z",
        "field1": 15.8,
        "field2": 71.0,
        "field3": 61.5
    },
    {
        "timestamp": "2024-08-07T00:00:00Z",
        "field1": 21.4,
        "field2": 69.5,
        "field3": 1.9
    },
    {
        "timestamp": "2024-08-08T00:00:00Z",
        "field1": 21.4,
        "field2": 62.9,
        "field3": 0.9
    },
    {
        "timestamp": "2024-08-09T00:00:00Z",
        "field1": 15.6,
        "field2": 68.3,
        "field3": 133.5
    },
    {
        "timestamp": "2024-08-10T00:00:00Z",
        "field1": 23.4,
        "field2": 79.4,
        "field3": 39.7
    },
    {
        "timestamp": "2024-08-11T00:00:00Z",
        "field1": 17.3,
        "field2": 78.3,
        "field3": 34.3
    },
    {
        "timestamp": "2024-08-12T00:00:00Z",
        "field1": 20.5,
        "field2": 77.3,
        "field3": 94.1
    },
    {
        "timestamp": "2024-08-13T00:00:00Z",
        "field1": 24.4,
        "field2": 65.6,
        "field3": 106.8
    },
    {
        "timestamp": "2024-08-14T00:00:00Z",
        "field1": 23.9,
        "field2": 69.9,
        "field3": 52.5
    },
    {
        "timestamp": "2024-08-15T00:00:00Z",
        "field1": 24.8,
        "field2": 70.2,
        "field3": 38.3
    },
    {
        "timestamp": "2024-08-16T00:00:00Z",
        "field1": 24.3,
        "field2": 77.8,
        "field3": 46.8
    },
    {
        "timestamp": "2024-08-17T00:00:00Z",
        "field1": 18.6,
        "field2": 73.2,
        "field3": 15.1
    },
    {
        "timestamp": "2024-08-18T00:00:00Z",
        "field1": 23.3,
        "field2": 72.9,
        "field3": 120.7
    },
    {
        "timestamp": "2024-08-19T00:00:00Z",
        "field1": 24.1,
        "field2": 63.7,
        "field3": 77.4
    },
    {
        "timestamp": "2024-08-20T00:00:00Z",
        "field1": 20.3,
        "field2": 73.2,
        "field3": 57.8
    },
    {
        "timestamp": "2024-08-21T00:00:00Z",
        "field1": 23.5,
        "field2": 67.6,
        "field3": 61.5
    },
    {
        "timestamp": "2024-08-22T00:00:00Z",
        "field1": 16.1,
        "field2": 61.9,
        "field3": 37.5
    },
    {
        "timestamp": "2024-08-23T00:00:00Z",
        "field1": 23.6,
        "field2": 73.1,
        "field3": 126.3
    },
    {
        "timestamp": "2024-08-24T00:00:00Z",
        "field1": 18.1,
        "field2": 74.0,
        "field3": 58.0
    },
    {
        "timestamp": "2024-08-25T00:00:00Z",
        "field1": 23.3,
        "field2": 63.6,
        "field3": 73.4
    },
    {
        "timestamp": "2024-08-26T00:00:00Z",
        "field1": 24.6,
        "field2": 68.1,
        "field3": 143.1
    },
    {
        "timestamp": "2024-08-27T00:00:00Z",
        "field1": 21.4,
        "field2": 71.2,
        "field3": 1.4
    },
    {
        "timestamp": "2024-08-28T00:00:00Z",
        "field1": 23.7,
        "field2": 67.3,
        "field3": 116.0
    },
    {
        "timestamp": "2024-08-29T00:00:00Z",
        "field1": 24.8,
        "field2": 77.0,
        "field3": 73.5
    },
    {
        "timestamp": "2024-08-30T00:00:00Z",
        "field1": 23.3,
        "field2": 68.3,
        "field3": 120.4
    },
    {
        "timestamp": "2024-08-31T00:00:00Z",
        "field1": 21.1,
        "field2": 69.3,
        "field3": 27.3
    },
    {
        "timestamp": "2024-09-01T00:00:00Z",
        "field1": 12.3,
        "field2": 83.5,
        "field3": 220.1
    },
    {
        "timestamp": "2024-09-02T00:00:00Z",
        "field1": 11.1,
        "field2": 78.8,
        "field3": 139.8
    },
    {
        "timestamp": "2024-09-03T00:00:00Z",
        "field1": 13.2,
        "field2": 87.4,
        "field3": 154.0
    },
    {
        "timestamp": "2024-09-04T00:00:00Z",
        "field1": 14.3,
        "field2": 75.5,
        "field3": 211.4
    },
    {
        "timestamp": "2024-09-05T00:00:00Z",
        "field1": 6.4,
        "field2": 75.3,
        "field3": 249.0
    },
    {
        "timestamp": "2024-09-06T00:00:00Z",
        "field1": 8.4,
        "field2": 79.9,
        "field3": 52.1
    },
    {
        "timestamp": "2024-09-07T00:00:00Z",
        "field1": 13.2,
        "field2": 85.6,
        "field3": 145.5
    },
    {
        "timestamp": "2024-09-08T00:00:00Z",
        "field1": 10.0,
        "field2": 85.4,
        "field3": 193.9
    },
    {
        "timestamp": "2024-09-09T00:00:00Z",
        "field1": 12.3,
        "field2": 75.1,
        "field3": 21.3
    },
    {
        "timestamp": "2024-09-10T00:00:00Z",
        "field1": 12.5,
        "field2": 79.4,
        "field3": 75.2
    },
    {
        "timestamp": "2024-09-11T00:00:00Z",
        "field1": 9.1,
        "field2": 79.0,
        "field3": 34.5
    },
    {
        "timestamp": "2024-09-12T00:00:00Z",
        "field1": 11.4,
        "field2": 80.2,
        "field3": 66.8
    },
    {
        "timestamp": "2024-09-13T00:00:00Z",
        "field1": 5.8,
        "field2": 84.1,
        "field3": 81.1
    },
    {
        "timestamp": "2024-09-14T00:00:00Z",
        "field1": 9.5,
        "field2": 80.5,
        "field3": 182.5
    },
    {
        "timestamp": "2024-09-15T00:00:00Z",
        "field1": 9.2,
        "field2": 79.9,
        "field3": 17.9
    },
    {
        "timestamp": "2024-09-16T00:00:00Z",
        "field1": 6.7,
        "field2": 83.5,
        "field3": 210.3
    },
    {
        "timestamp": "2024-09-17T00:00:00Z",
        "field1": 6.1,
        "field2": 83.7,
        "field3": 18.9
    },
    {
        "timestamp": "2024-09-18T00:00:00Z",
        "field1": 5.9,
        "field2": 77.9,
        "field3": 175.1
    },
    {
        "timestamp": "2024-09-19T00:00:00Z",
        "field1": 11.2,
        "field2": 76.7,
        "field3": 110.4
    },
    {
        "timestamp": "2024-09-20T00:00:00Z",
        "field1": 11.2,
        "field2": 85.3,
        "field3": 171.3
    },
    {
        "timestamp": "2024-09-21T00:00:00Z",
        "field1": 16.0,
        "field2": 78.4,
        "field3": 16.0
    },
    {
        "timestamp": "2024-09-22T00:00:00Z",
        "field1": 16.0,
        "field2": 90.0,
        "field3": 210.5
    },
    {
        "timestamp": "2024-09-23T00:00:00Z",
        "field1": 12.2,
        "field2": 87.3,
        "field3": 80.7
    },
    {
        "timestamp": "2024-09-24T00:00:00Z",
        "field1": 15.3,
        "field2": 86.7,
        "field3": 141.4
    },
    {
        "timestamp": "2024-09-25T00:00:00Z",
        "field1": 13.8,
        "field2": 80.8,
        "field3": 182.3
    },
    {
        "timestamp": "2024-09-26T00:00:00Z",
        "field1": 5.3,
        "field2": 76.7,
        "field3": 149.7
    },
    {
        "timestamp": "2024-09-27T00:00:00Z",
        "field1": 15.7,
        "field2": 75.7,
        "field3": 197.5
    },
    {
        "timestamp": "2024-09-28T00:00:00Z",
        "field1": 6.5,
        "field2": 82.2,
        "field3": 152.6
    },
    {
        "timestamp": "2024-09-29T00:00:00Z",
        "field1": 13.9,
        "field2": 88.6,
        "field3": 164.5
    },
    {
        "timestamp": "2024-09-30T00:00:00Z",
        "field1": 5.5,
        "field2": 81.9,
        "field3": 141.4
    },
    {
        "timestamp": "2024-10-01T00:00:00Z",
        "field1": 11.0,
        "field2": 88.7,
        "field3": 99.2
    },
    {
        "timestamp": "2024-10-02T00:00:00Z",
        "field1": 13.8,
        "field2": 78.3,
        "field3": 103.7
    },
    {
        "timestamp": "2024-10-03T00:00:00Z",
        "field1": 13.0,
        "field2": 86.2,
        "field3": 237.2
    },
    {
        "timestamp": "2024-10-04T00:00:00Z",
        "field1": 11.9,
        "field2": 78.7,
        "field3": 132.5
    },
    {
        "timestamp": "2024-10-05T00:00:00Z",
        "field1": 5.8,
        "field2": 82.2,
        "field3": 133.3
    },
    {
        "timestamp": "2024-10-06T00:00:00Z",
        "field1": 13.4,
        "field2": 87.2,
        "field3": 22.4
    },
    {
        "timestamp": "2024-10-07T00:00:00Z",
        "field1": 5.1,
        "field2": 86.8,
        "field3": 87.1
    },
    {
        "timestamp": "2024-10-08T00:00:00Z",
        "field1": 15.0,
        "field2": 79.6,
        "field3": 89.9
    },
    {
        "timestamp": "2024-10-09T00:00:00Z",
        "field1": 16.0,
        "field2": 76.4,
        "field3": 188.5
    },
    {
        "timestamp": "2024-10-10T00:00:00Z",
        "field1": 12.5,
        "field2": 77.5,
        "field3": 222.4
    },
    {
        "timestamp": "2024-10-11T00:00:00Z",
        "field1": 15.2,
        "field2": 77.4,
        "field3": 139.7
    },
    {
        "timestamp": "2024-10-12T00:00:00Z",
        "field1": 8.3,
        "field2": 79.1,
        "field3": 51.2
    },
    {
        "timestamp": "2024-10-13T00:00:00Z",
        "field1": 7.7,
        "field2": 79.7,
        "field3": 159.0
    },
    {
        "timestamp": "2024-10-14T00:00:00Z",
        "field1": 14.0,
        "field2": 75.7,
        "field3": 136.0
    },
    {
        "timestamp": "2024-10-15T00:00:00Z",
        "field1": 6.7,
        "field2": 88.3,
        "field3": 97.4
    },
    {
        "timestamp": "2024-10-16T00:00:00Z",
        "field1": 13.5,
        "field2": 88.4,
        "field3": 166.9
    },
    {
        "timestamp": "2024-10-17T00:00:00Z",
        "field1": 13.3,
        "field2": 78.7,
        "field3": 26.7
    },
    {
        "timestamp": "2024-10-18T00:00:00Z",
        "field1": 10.5,
        "field2": 82.5,
        "field3": 141.3
    },
    {
        "timestamp": "2024-10-19T00:00:00Z",
        "field1": 8.0,
        "field2": 77.8,
        "field3": 104.3
    },
    {
        "timestamp": "2024-10-20T00:00:00Z",
        "field1": 16.8,
        "field2": 77.6,
        "field3": 170.0
    },
    {
        "timestamp": "2024-10-21T00:00:00Z",
        "field1": 15.3,
        "field2": 75.4,
        "field3": 177.4
    },
    {
        "timestamp": "2024-10-22T00:00:00Z",
        "field1": 5.2,
        "field2": 80.3,
        "field3": 154.9
    },
    {
        "timestamp": "2024-10-23T00:00:00Z",
        "field1": 16.9,
        "field2": 82.5,
        "field3": 198.0
    },
    {
        "timestamp": "2024-10-24T00:00:00Z",
        "field1": 9.3,
        "field2": 79.6,
        "field3": 158.5
    },
    {
        "timestamp": "2024-10-25T00:00:00Z",
        "field1": 6.0,
        "field2": 89.0,
        "field3": 179.0
    },
    {
        "timestamp": "2024-10-26T00:00:00Z",
        "field1": 7.2,
        "field2": 84.0,
        "field3": 144.2
    },
    {
        "timestamp": "2024-10-27T00:00:00Z",
        "field1": 9.0,
        "field2": 89.5,
        "field3": 124.6
    },
    {
        "timestamp": "2024-10-28T00:00:00Z",
        "field1": 10.7,
        "field2": 76.7,
        "field3": 114.3
    },
    {
        "timestamp": "2024-10-29T00:00:00Z",
        "field1": 16.3,
        "field2": 79.5,
        "field3": 53.0
    },
    {
        "timestamp": "2024-10-30T00:00:00Z",
        "field1": 5.8,
        "field2": 88.1,
        "field3": 21.7
    }
]