[
    {
        "timestamp": "2024-10-01T00:00:00Z",
        "field1": 11.9,
        "field2": 88.0,
        "field3": 94.6
    },
    {
        "timestamp": "2024-10-02T00:00:00Z",
        "field1": 13.8,
        "field2": 80.2,
        "field3": 200.5
    },
    {
        "timestamp": "2024-10-03T00:00:00Z",
        "field1": 10.8,
        "field2": 76.8,
        "field3": 54.5
    },
    {
        "timestamp": "2024-10-04T00:00:00Z",
        "field1": 16.1,
        "field2": 82.7,
        "field3": 181.9
    },
    {
        "timestamp": "2024-10-05T00:00:00Z",
        "field1": 7.9,
        "field2": 80.0,
        "field3": 239.3
    },
    {
        "timestamp": "2024-10-06T00:00:00Z",
        "field1": 8.4,
        "field2": 82.1,
        "field3": 208.4
    },
    {
        "timestamp": "2024-10-07T00:00:00Z",
        "field1": 6.5,
        "field2": 82.0,
        "field3": 25.1
    },
    {
        "timestamp": "2024-10-08T00:00:00Z",
        "field1": 16.4,
        "field2": 75.0,
        "field3": 223.6
    },
    {
        "timestamp": "2024-10-09T00:00:00Z",
        "field1": 14.3,
        "field2": 79.6,
        "field3": 35.3
    },
    {
        "timestamp": "2024-10-10T00:00:00Z",
        "field1": 8.7,
        "field2": 79.6,
        "field3": 164.2
    },
    {
        "timestamp": "2024-10-11T00:00:00Z",
        "field1": 10.5,
        "field2": 75.2,
        "field3": 109.1
    },
    {
        "timestamp": "2024-10-12T00:00:00Z",
        "field1": 15.4,
        "field2": 89.4,
        "field3": 183.0
    },
    {
        "timestamp": "2024-10-13T00:00:00Z",
        "field1": 10.9,
        "field2": 75.0,
        "field3": 222.4
    },
    {
        "timestamp": "2024-10-14T00:00:00Z",
        "field1": 6.4,
        "field2": 76.9,
        "field3": 63.5
    },
    {
        "timestamp": "2024-10-15T00:00:00Z",
        "field1": 12.6,
        "field2": 79.5,
        "field3": 162.0
    },
    {
        "timestamp": "2024-10-16T00:00:00Z",
        "field1": 9.4,
        "field2": 84.0,
        "field3": 130.3
    },
    {
        "timestamp": "2024-10-17T00:00:00Z",
        "field1": 15.7,
        "field2": 86.7,
        "field3": 136.2
    },
    {
        "timestamp": "2024-10-18T00:00:00Z",
        "field1": 6.5,
        "field2": 83.0,
        "field3": 208.9
    },
    {
        "timestamp": "2024-10-19T00:00:00Z",
        "field1": 5.8,
        "field2": 86.7,
        "field3": 225.4
    },
    {
        "timestamp": "2024-10-20T00:00:00Z",
        "field1": 14.3,
        "field2": 89.5,
        "field3": 140.4
    },
    {
        "timestamp": "2024-10-21T00:00:00Z",
        "field1": 9.9,
        "field2": 89.5,
        "field3": 46.0
    },
    {
        "timestamp": "2024-10-22T00:00:00Z",
        "field1": 5.5,
        "field2": 87.8,
        "field3": 177.2
    },
    {
        "timestamp": "2024-10-23T00:00:00Z",
        "field1": 9.6,
        "field2": 76.9,
        "field3": 47.8
    },
    {
        "timestamp": "2024-10-24T00:00:00Z",
        "field1": 5.5,
        "field2": 76.4,
        "field3": 179.7
    },
    {
        "timestamp": "2024-10-25T00:00:00Z",
        "field1": 16.8,
        "field2": 82.3,
        "field3": 85.3
    },
    {
        "timestamp": "2024-10-26T00:00:00Z",
        "field1": 12.3,
        "field2": 75.5,
        "field3": 84.7
    },
    {
        "timestamp": "2024-10-27T00:00:00Z",
        "field1": 15.8,
        "field2": 83.6,
        "field3": 108.5
    },
    {
        "timestamp": "2024-10-28T00:00:00Z",
        "field1": 16.9,
        "field2": 89.0,
        "field3": 205.7
    },
    {
        "timestamp": "2024-10-29T00:00:00Z",
        "field1": 16.6,
        "field2": 86.7,
        "field3": 231.8
    },
    {
        "timestamp": "2024-10-30T00:00:00Z",
        "field1": 16.2,
        "field2": 85.8,
        "field3": 236.1
    },
    {
        "timestamp": "2024-10-31T00:00:00Z",
        "field1": 10.1,
        "field2": 75.9,
        "field3": 34.1
    },
    {
        "timestamp": "2024-11-01T00:00:00Z",
        "field1": 7.3,
        "field2": 87.4,
        "field3": 33.0
    },
    {
        "timestamp": "2024-11-02T00:00:00Z",
        "field1": 16.3,
        "field2": 81.9,
        "field3": 201.7
    },
    {
        "timestamp": "2024-11-03T00:00:00Z",
        "field1": 6.7,
        "field2": 81.8,
        "field3": 196.7
    },
    {
        "timestamp": "2024-11-04T00:00:00Z",
        "field1": 9.5,
        "field2": 79.8,
        "field3": 43.3
    },
    {
        "timestamp": "2024-11-05T00:00:00Z",
        "field1": 9.2,
        "field2": 81.9,
        "field3": 221.7
    },
    {
        "timestamp": "2024-11-06T00:00:00Z",
        "field1": 15.2,
        "field2": 82.6,
        "field3": 55.1
    },
    {
        "timestamp": "2024-11-07T00:00:00Z",
        "field1": 9.7,
        "field2": 87.2,
        "field3": 192.1
    },
    {
        "timestamp": "2024-11-08T00:00:00Z",
        "field1": 6.4,
        "field2": 88.0,
        "field3": 102.5
    },
    {
        "timestamp": "2024-11-09T00:00:00Z",
        "field1": 15.4,
        "field2": 78.1,
        "field3": 55.0
    },
    {
        "timestamp": "2024-11-10T00:00:00Z",
        "field1": 14.3,
        "field2": 82.5,
        "field3": 170.4
    },
    {
        "timestamp": "2024-11-11T00:00:00Z",
        "field1": 12.2,
        "field2": 80.9,
        "field3": 142.0
    },
    {
        "timestamp": "2024-11-12T00:00:00Z",
        "field1": 9.5,
        "field2": 85.5,
        "field3": 198.9
    },
    {
        "timestamp": "2024-11-13T00:00:00Z",
        "field1": 10.9,
        "field2": 88.5,
        "field3": 94.7
    },
    {
        "timestamp": "2024-11-14T00:00:00Z",
        "field1": 10.8,
        "field2": 88.9,
        "field3": 154.7
    },
    {
        "timestamp": "2024-11-15T00:00:00Z",
        "field1": 13.4,
        "field2": 88.5,
        "field3": 165.4
    },
    {
        "timestamp": "2024-11-16T00:00:00Z",
        "field1": 11.5,
        "field2": 88.8,
        "field3": 81.8
    },
    {
        "timestamp": "2024-11-17T00:00:00Z",
        "field1": 15.7,
        "field2": 85.4,
        "field3": 143.4
    },
    {
        "timestamp": "2024-11-18T00:00:00Z",
        "field1": 9.7,
        "field2": 75.2,
        "field3": 230.5
    },
    {
        "timestamp": "2024-11-19T00:00:00Z",
        "field1": 16.4,
        "field2": 86.6,
        "field3": 223.6
    },
    {
        "timestamp": "2024-11-20T00:00:00Z",
        "field1": 15.4,
        "field2": 77.1,
        "field3": 218.0
    },
    {
        "timestamp": "2024-11-21T00:00:00Z",
        "field1": 6.6,
        "field2": 85.5,
        "field3": 154.9
    },
    {
        "timestamp": "2024-11-22T00:00:00Z",
        "field1": 8.0,
        "field2": 87.9,
        "field3": 169.4
    },
    {
        "timestamp": "2024-11-23T00:00:00Z",
        "field1": 7.6,
        "field2": 88.3,
        "field3": 135.0
    },
    {
        "timestamp": "2024-11-24T00:00:00Z",
        "field1": 12.8,
        "field2": 88.5,
        "field3": 137.5
    },
    {
        "timestamp": "2024-11-25T00:00:00Z",
        "field1": 9.2,
        "field2": 82.8,
        "field3": 248.4
    },
    {
        "timestamp": "2024-11-26T00:00:00Z",
        "field1": 8.4,
        "field2": 84.1,
        "field3": 74.1
    },
    {
        "timestamp": "2024-11-27T00:00:00Z",
        "field1": 6.1,
        "field2": 88.6,
        "field3": 42.1
    },
    {
        "timestamp": "2024-11-28T00:00:00Z",
        "field1": 12.8,
        "field2": 88.6,
        "field3": 138.2
    },
    {
        "timestamp": "2024-11-29T00:00:00Z",
        "field1": 6.8,
        "field2": 88.5,
        "field3": 44.3
    },
    {
        "timestamp": "2024-11-30T00:00:00Z",
        "field1": 13.9,
        "field2": 82.7,
        "field3": 150.9
    },
    {
        "timestamp": "2024-12-01T00:00:00Z",
        "field1": 4.9,
        "field2": 91.1,
        "field3": 178.4
    },
    {
        "timestamp": "2024-12-02T00:00:00Z",
        "field1": -1.1,
        "field2": 83.7,
        "field3": 267.5
    },
    {
        "timestamp": "2024-12-03T00:00:00Z",
        "field1": 5.7,
        "field2": 84.7,
        "field3": 128.0
    },
    {
        "timestamp": "2024-12-04T00:00:00Z",
        "field1": 6.0,
        "field2": 91.6,
        "field3": 197.4
    },
    {
        "timestamp": "2024-12-05T00:00:00Z",
        "field1": 6.6,
        "field2": 81.0,
        "field3": 92.5
    },
    {
        "timestamp": "2024-12-06T00:00:00Z",
        "field1": 4.8,
        "field2": 82.5,
        "field3": 89.2
    },
    {
        "timestamp": "2024-12-07T00:00:00Z",
        "field1": 6.9,
        "field2": 87.1,
        "field3": 190.7
    },
    {
        "timestamp": "2024-12-08T00:00:00Z",
        "field1": -0.6,
        "field2": 80.8,
        "field3": 59.1
    },
    {
        "timestamp": "2024-12-09T00:00:00Z",
        "field1": 2.0,
        "field2": 87.4,
        "field3": 225.4
    },
    {
        "timestamp": "2024-12-10T00:00:00Z",
        "field1": 1.6,
        "field2": 92.3,
        "field3": 223.1
    },
    {
        "timestamp": "2024-12-11T00:00:00Z",
        "field1": 4.7,
        "field2": 93.5,
        "field3": 185.3
    },
    {
        "timestamp": "2024-12-12T00:00:00Z",
        "field1": -1.6,
        "field2": 89.8,
        "field3": 164.8
    },
    {
        "timestamp": "2024-12-13T00:00:00Z",
        "field1": 0.8,
        "field2": 80.1,
        "field3": 151.7
    },
    {
        "timestamp": "2024-12-14T00:00:00Z",
        "field1": -1.7,
        "field2": 92.7,
        "field3": 233.7
    },
    {
        "timestamp": "2024-12-15T00:00:00Z",
        "field1": -0.8,
        "field2": 86.2,
        "field3": 64.5
    },
    {
        "timestamp": "2024-12-16T00:00:00Z",
        "field1": 4.4,
        "field2": 81.2,
        "field3": 60.7
    },
    {
        "timestamp": "2024-12-17T00:00:00Z",
        "field1": -1.8,
        "field2": 84.3,
        "field3": 216.4
    },
    {
        "timestamp": "2024-12-18T00:00:00Z",
        "field1": 1.7,
        "field2": 94.9,
        "field3": 175.3
    },
    {
        "timestamp": "2024-12-19T00:00:00Z",
        "field1": 4.1,
        "field2": 90.9,
        "field3": 294.7
    },
    {
        "timestamp": "2024-12-20T00:00:00Z",
        "field1": 6.3,
        "field2": 87.5,
        "field3": 223.6
    },
    {
        "timestamp": "2024-12-21T00:00:00Z",
        "field1": 5.1,
        "field2": 84.7,
        "field3": 68.6
    },
    {
        "timestamp": "2024-12-22T00:00:00Z",
        "field1": -1.2,
        "field2": 81.4,
        "field3": 223.9
    },
    {
        "timestamp": "2024-12-23T00:00:00Z",
        "field1": 2.4,
        "field2": 85.0,
        "field3": 85.2
    },
    {
        "timestamp": "2024-12-24T00:00:00Z",
        "field1": -0.9,
        "field2": 91.9,
        "field3": 197.3
    },
    {
        "timestamp": "2024-12-25T00:00:00Z",
        "field1": 0.4,
        "field2": 93.0,
        "field3": 219.8
    },
    {
        "timestamp": "2024-12-26T00:00:00Z",
        "field1": 1.0,
        "field2": 89.5,
        "field3": 299.0
    },
    {
        "timestamp": "2024-12-27T00:00:00Z",
        "field1": -1.0,
        "field2": 89.6,
        "field3": 183.9
    },
    {
        "timestamp": "2024-12-28T00:00:00Z",
        "field1": -1.4,
        "field2": 84.0,
        "field3": 288.6
    },
    {
        "timestamp": "2024-12-29T00:00:00Z",
        "field1": 1.4,
        "field2": 85.2,
        "field3": 145.9
    },
    {
        "timestamp": "2024-12-30T00:00:00Z",
        "field1": 6.9,
        "field2": 85.1,
        "field3": 120.7
    },
    {
        "timestamp": "2024-12-31T00:00:00Z",
        "field1": 0.8,
        "field2": 87.2,
        "field3": 279.7
    },
    {
        "timestamp": "2025-01-01T00:00:00Z",
        "field1": 6.8,
        "field2": 90.6,
        "field3": 140.8
    },
    {
        "timestamp": "2025-01-02T00:00:00Z",
        "field1": 6.3,
        "field2": 91.8,
        "field3": 262.8
    },
    {
        "timestamp": "2025-01-03T00:00:00Z",
        "field1": -0.1,
        "field2": 84.4,
        "field3": 272.3
    },
    {
        "timestamp": "2025-01-04T00:00:00Z",
        "field1": 3.3,
        "field2": 82.4,
        "field3": 214.3
    },
    {
        "timestamp": "2025-01-05T00:00:00Z",
        "field1": 3.5,
        "field2": 91.5,
        "field3": 218.4
    },
    {
        "timestamp": "2025-01-06T00:00:00Z",
        "field1": 3.3,
        "field2": 80.1,
        "field3": 107.1
    },
    {
        "timestamp": "2025-01-07T00:00:00Z",
        "field1": -0.9,
        "field2": 89.4,
        "field3": 279.7
    },
    {
        "timestamp": "2025-01-08T00:00:00Z",
        "field1": 5.8,
        "field2": 90.1,
        "field3": 255.8
    },
    {
        "timestamp": "2025-01-09T00:00:00Z",
        "field1": 0.7,
        "field2": 80.8,
        "field3": 65.1
    },
    {
        "timestamp": "2025-01-10T00:00:00Z",
        "field1": 6.3,
        "field2": 89.9,
        "field3": 80.4
    },
    {
        "timestamp": "2025-01-11T00:00:00Z",
        "field1": 5.2,
        "field2": 87.4,
        "field3": 283.9
    },
    {
        "timestamp": "2025-01-12T00:00:00Z",
        "field1": 0.7,
        "field2": 81.8,
        "field3": 146.1
    },
    {
        "timestamp": "2025-01-13T00:00:00Z",
        "field1": 1.6,
        "field2": 86.6,
        "field3": 227.1
    },
    {
        "timestamp": "2025-01-14T00:00:00Z",
        "field1": 2.0,
        "field2": 83.0,
        "field3": 53.3
    },
    {
        "timestamp": "2025-01-15T00:00:00Z",
        "field1": -0.2,
        "field2": 92.4,
        "field3": 67.2
    },
    {
        "timestamp": "2025-01-16T00:00:00Z",
        "field1": -0.5,
        "field2": 85.5,
        "field3": 254.0
    },
    {
        "timestamp": "2025-01-17T00:00:00Z",
        "field1": 2.1,
        "field2": 83.7,
        "field3": 108.8
    },
    {
        "timestamp": "2025-01-18T00:00:00Z",
        "field1": 6.3,
        "field2": 91.3,
        "field3": 294.5
    },
    {
        "timestamp": "2025-01-19T00:00:00Z",
        "field1": -1.6,
        "field2": 93.2,
        "field3": 58.6
    },
    {
        "timestamp": "2025-01-20T00:00:00Z",
        "field1": -1.1,
        "field2": 90.2,
        "field3": 284.1
    },
    {
        "timestamp": "2025-01-21T00:00:00Z",
        "field1": 6.4,
        "field2": 90.7,
        "field3": 241.8
    },
    {
        "timestamp": "2025-01-22T00:00:00Z",
        "field1": 0.3,
        "field2": 89.3,
        "field3": 98.9
    },
    {
        "timestamp": "2025-01-23T00:00:00Z",
        "field1": 0.2,
        "field2": 80.2,
        "field3": 209.7
    },
    {
        "timestamp": "2025-01-24T00:00:00Z",
        "field1": -1.8,
        "field2": 90.3,
        "field3": 58.0
    },
    {
        "timestamp": "2025-01-25T00:00:00Z",
        "field1": 0.2,
        "field2": 86.9,
        "field3": 268.7
    },
    {
        "timestamp": "2025-01-26T00:00:00Z",
        "field1": -1.1,
        "field2": 83.5,
        "field3": 242.7
    },
    {
        "timestamp": "2025-01-27T00:00:00Z",
        "field1": 3.7,
        "field2": 86.6,
        "field3": 119.3
    },
    {
        "timestamp": "2025-01-28T00:00:00Z",
        "field1": 3.5,
        "field2": 87.2,
        "field3": 234.2
    },
    {
        "timestamp": "2025-01-29T00:00:00Z",
        "field1": -0.3,
        "field2": 81.4,
        "field3": 221.4
    },
    {
        "timestamp": "2025-01-30T00:00:00Z",
        "field1": -1.5,
        "field2": 81.0,
        "field3": 94.1
    },
    {
        "timestamp": "2025-01-31T00:00:00Z",
        "field1": 2.9,
        "field2": 95.0,
        "field3": 133.4
    },
    {
        "timestamp": "2025-02-01T00:00:00Z",
        "field1": 4.7,
        "field2": 93.7,
        "field3": 90.0
    },
    {
        "timestamp": "2025-02-02T00:00:00Z",
        "field1": 1.0,
        "field2": 85.6,
        "field3": 282.3
    },
    {
        "timestamp": "2025-02-03T00:00:00Z",
        "field1": 1.2,
        "field2": 90.1,
        "field3": 130.5
    },
    {
        "timestamp": "2025-02-04T00:00:00Z",
        "field1": -1.6,
        "field2": 82.1,
        "field3": 74.3
    },
    {
        "timestamp": "2025-02-05T00:00:00Z",
        "field1": 4.3,
        "field2": 89.0,
        "field3": 220.4
    },
    {
        "timestamp": "2025-02-06T00:00:00Z",
        "field1": 2.4,
        "field2": 85.4,
        "field3": 246.9
    },
    {
        "timestamp": "2025-02-07T00:00:00Z",
        "field1": -1.6,
        "field2": 94.2,
        "field3": 254.0
    },
    {
        "timestamp": "2025-02-08T00:00:00Z",
        "field1": 5.1,
        "field2": 92.2,
        "field3": 127.4
    },
    {
        "timestamp": "2025-02-09T00:00:00Z",
        "field1": 2.5,
        "field2": 84.2,
        "field3": 81.3
    },
    {
        "timestamp": "2025-02-10T00:00:00Z",
        "field1": -0.8,
        "field2": 80.1,
        "field3": 268.4
    },
    {
        "timestamp": "2025-02-11T00:00:00Z",
        "field1": 4.7,
        "field2": 84.8,
        "field3": 103.9
    },
    {
        "timestamp": "2025-02-12T00:00:00Z",
        "field1": 1.5,
        "field2": 82.1,
        "field3": 221.2
    },
    {
        "timestamp": "2025-02-13T00:00:00Z",
        "field1": 3.3,
        "field2": 88.3,
        "field3": 58.7
    },
    {
        "timestamp": "2025-02-14T00:00:00Z",
        "field1": -1.7,
        "field2": 90.3,
        "field3": 102.0
    },
    {
        "timestamp": "2025-02-15T00:00:00Z",
        "field1": 3.9,
        "field2": 92.3,
        "field3": 291.4
    },
    {
        "timestamp": "2025-02-16T00:00:00Z",
        "field1": -1.1,
        "field2": 85.8,
        "field3": 169.1
    },
    {
        "timestamp": "2025-02-17T00:00:00Z",
        "field1": 0.7,
        "field2": 94.8,
        "field3": 137.5
    },
    {
        "timestamp": "2025-02-18T00:00:00Z",
        "field1": -0.4,
        "field2": 86.6,
        "field3": 182.4
    },
    {
        "timestamp": "2025-02-19T00:00:00Z",
        "field1": -1.5,
        "field2": 86.6,
        "field3": 273.3
    },
    {
        "timestamp": "2025-02-20T00:00:00Z",
        "field1": -0.9,
        "field2": 87.4,
        "field3": 257.4
    },
    {
        "timestamp": "2025-02-21T00:00:00Z",
        "field1": 5.4,
        "field2": 89.2,
        "field3": 246.5
    },
    {
        "timestamp": "2025-02-22T00:00:00Z",
        "field1": 0.7,
        "field2": 83.3,
        "field3": 96.4
    },
    {
        "timestamp": "2025-02-23T00:00:00Z",
        "field1": 6.2,
        "field2": 93.4,
        "field3": 66.0
    },
    {
        "timestamp": "2025-02-24T00:00:00Z",
        "field1": 5.0,
        "field2": 84.2,
        "field3": 176.4
    },
    {
        "timestamp": "2025-02-25T00:00:00Z",
        "field1": 5.3,
        "field2": 85.2,
        "field3": 228.3
    },
    {
        "timestamp": "2025-02-26T00:00:00Z",
        "field1": 6.6,
        "field2": 83.7,
        "field3": 106.4
    },
    {
        "timestamp": "2025-02-27T00:00:00Z",
        "field1": 2.3,
        "field2": 80.1,
        "field3": 96.5
    },
    {
        "timestamp": "2025-02-28T00:00:00Z",
        "field1": -0.8,
        "field2": 90.9,
        "field3": 120.4
    },
    {
        "timestamp": "2025-03-01T00:00:00Z",
        "field1": 5.5,
        "field2": 80.8,
        "field3": 143.3
    },
    {
        "timestamp": "2025-03-02T00:00:00Z",
        "field1": 13.3,
        "field2": 77.7,
        "field3": 98.9
    },
    {
        "timestamp": "2025-03-03T00:00:00Z",
        "field1": 13.4,
        "field2": 73.4,
        "field3": 144.2
    },
    {
        "timestamp": "2025-03-04T00:00:00Z",
        "field1": 9.3,
        "field2": 74.8,
        "field3": 44.4
    },
    {
        "timestamp": "2025-03-05T00:00:00Z",
        "field1": 10.4,
        "field2": 76.3,
        "field3": 196.1
    },
    {
        "timestamp": "2025-03-06T00:00:00Z",
        "field1": 9.6,
        "field2": 81.5,
        "field3": 150.1
    },
    {
        "timestamp": "2025-03-07T00:00:00Z",
        "field1": 13.6,
        "field2": 83.6,
        "field3": 176.9
    },
    {
        "timestamp": "2025-03-08T00:00:00Z",
        "field1": 7.7,
        "field2": 73.6,
        "field3": 112.0
    },
    {
        "timestamp": "2025-03-09T00:00:00Z",
        "field1": 9.5,
        "field2": 80.6,
        "field3": 27.6
    },
    {
        "timestamp": "2025-03-10T00:00:00Z",
        "field1": 11.7,
        "field2": 81.4,
        "field3": 199.8
    },
    {
        "timestamp": "2025-03-11T00:00:00Z",
        "field1": 13.6,
        "field2": 77.8,
        "field3": 32.7
    },
    {
        "timestamp": "2025-03-12T00:00:00Z",
        "field1": 13.2,
        "field2": 78.8,
        "field3": 146.9
    },
    {
        "timestamp": "2025-03-13T00:00:00Z",
        "field1": 11.6,
        "field2": 80.3,
        "field3": 159.6
    },
    {
        "timestamp": "2025-03-14T00:00:00Z",
        "field1": 12.4,
        "field2": 83.1,
        "field3": 46.7
    },
    {
        "timestamp": "2025-03-15T00:00:00Z",
        "field1": 14.6,
        "field2": 72.0,
        "field3": 93.4
    },
    {
        "timestamp": "2025-03-16T00:00:00Z",
        "field1": 11.4,
        "field2": 82.8,
        "field3": 188.1
    },
    {
        "timestamp": "2025-03-17T00:00:00Z",
        "field1": 9.1,
        "field2": 74.6,
        "field3": 107.1
    },
    {
        "timestamp": "2025-03-18T00:00:00Z",
        "field1": 6.9,
        "field2": 80.2,
        "field3": 100.8
    },
    {
        "timestamp": "2025-03-19T00:00:00Z",
        "field1": 8.4,
        "field2": 71.9,
        "field3": 115.8
    },
    {
        "timestamp": "2025-03-20T00:00:00Z",
        "field1": 10.0,
        "field2": 72.7,
        "field3": 47.9
    },
    {
        "timestamp": "2025-03-21T00:00:00Z",
        "field1": 13.6,
        "field2": 72.6,
        "field3": 91.4
    },
    {
        "timestamp": "2025-03-22T00:00:00Z",
        "field1": 10.0,
        "field2": 75.2,
        "field3": 179.9
    },
    {
        "timestamp": "2025-03-23T00:00:00Z",
        "field1": 12.2,
        "field2": 80.8,
        "field3": 119.9
    },
    {
        "timestamp": "2025-03-24T00:00:00Z",
        "field1": 5.8,
        "field2": 78.5,
        "field3": 173.4
    },
    {
        "timestamp": "2025-03-25T00:00:00Z",
        "field1": 7.6,
        "field2": 74.8,
        "field3": 145.1
    },
    {
        "timestamp": "2025-03-26T00:00:00Z",
        "field1": 10.9,
        "field2": 82.0,
        "field3": 64.4
    },
    {
        "timestamp": "2025-03-27T00:00:00Z",
        "field1": 9.9,
        "field2": 72.7,
        "field3": 112.8
    },
    {
        "timestamp": "2025-03-28T00:00:00Z",
        "field1": 12.1,
        "field2": 82.7,
        "field3": 37.6
    },
    {
        "timestamp": "2025-03-29T00:00:00Z",
        "field1": 5.3,
        "field2": 81.2,
        "field3": 141.5
    },
    {
        "timestamp": "2025-03-30T00:00:00Z",
        "field1": 8.9,
        "field2": 83.6,
        "field3": 95.8
    },
    {
        "timestamp": "2025-03-31T00:00:00Z",
        "field1": 8.9,
        "field2": 82.7,
        "field3": 31.4
    },
    {
        "timestamp": "2025-04-01T00:00:00Z",
        "field1": 7.6,
        "field2": 72.9,
        "field3": 131.6
    },
    {
        "timestamp": "2025-04-02T00:00:00Z",
        "field1": 6.3,
        "field2": 79.8,
        "field3": 24.4
    },
    {
        "timestamp": "2025-04-03T00:00:00Z",
        "field1": 7.9,
        "field2": 70.8,
        "field3": 120.5
    },
    {
        "timestamp": "2025-04-04T00:00:00Z",
        "field1": 12.6,
        "field2": 71.8,
        "field3": 141.4
    },
    {
        "timestamp": "2025-04-05T00:00:00Z",
        "field1": 5.4,
        "field2": 78.5,
        "field3": 41.7
    },
    {
        "timestamp": "2025-04-06T00:00:00Z",
        "field1": 6.2,
        "field2": 73.5,
        "field3": 45.5
    },
    {
        "timestamp": "2025-04-07T00:00:00Z",
        "field1": 5.9,
        "field2": 81.3,
        "field3": 35.2
    },
    {
        "timestamp": "2025-04-08T00:00:00Z",
        "field1": 7.5,
        "field2": 83.7,
        "field3": 51.5
    },
    {
        "timestamp": "2025-04-09T00:00:00Z",
        "field1": 10.8,
        "field2": 79.0,
        "field3": 45.9
    },
    {
        "timestamp": "2025-04-10T00:00:00Z",
        "field1": 11.0,
        "field2": 81.0,
        "field3": 46.3
    },
    {
        "timestamp": "2025-04-11T00:00:00Z",
        "field1": 14.7,
        "field2": 83.5,
        "field3": 146.6
    },
    {
        "timestamp": "2025-04-12T00:00:00Z",
        "field1": 14.9,
        "field2": 73.0,
        "field3": 195.1
    },
    {
        "timestamp": "2025-04-13T00:00:00Z",
        "field1": 7.0,
        "field2": 77.3,
        "field3": 140.4
    },
    {
        "timestamp": "2025-04-14T00:00:00Z",
        "field1": 13.9,
        "field2": 84.0,
        "field3": 180.2
    },
    {
        "timestamp": "2025-04-15T00:00:00Z",
        "field1": 11.4,
        "field2": 84.7,
        "field3": 27.5
    },
    {
        "timestamp": "2025-04-16T00:00:00Z",
        "field1": 10.7,
        "field2": 76.1,
        "field3": 90.5
    },
    {
        "timestamp": "2025-04-17T00:00:00Z",
        "field1": 8.3,
        "field2": 78.9,
        "field3": 97.9
    },
    {
        "timestamp": "2025-04-18T00:00:00Z",
        "field1": 6.6,
        "field2": 73.9,
        "field3": 98.6
    },
    {
        "timestamp": "2025-04-19T00:00:00Z",
        "field1": 13.9,
        "field2": 79.8,
        "field3": 80.7
    },
    {
        "timestamp": "2025-04-20T00:00:00Z",
        "field1": 13.2,
        "field2": 84.1,
        "field3": 118.4
    },
    {
        "timestamp": "2025-04-21T00:00:00Z",
        "field1": 8.3,
        "field2": 71.1,
        "field3": 69.0
    },
    {
        "timestamp": "2025-04-22T00:00:00Z",
        "field1": 9.6,
        "field2": 71.9,
        "field3": 167.3
    },
    {
        "timestamp": "2025-04-23T00:00:00Z",
        "field1": 7.7,
        "field2": 83.1,
        "field3": 54.8
    },
    {
        "timestamp": "2025-04-24T00:00:00Z",
        "field1": 6.4,
        "field2": 77.2,
        "field3": 109.2
    },
    {
        "timestamp": "2025-04-25T00:00:00Z",
        "field1": 12.2,
        "field2": 78.9,
        "field3": 196.6
    },
    {
        "timestamp": "2025-04-26T00:00:00Z",
        "field1": 10.2,
        "field2": 75.1,
        "field3": 135.8
    },
    {
        "timestamp": "2025-04-27T00:00:00Z",
        "field1": 10.0,
        "field2": 78.8,
        "field3": 194.0
    },
    {
        "timestamp": "2025-04-28T00:00:00Z",
        "field1": 9.3,
        "field2": 76.1,
        "field3": 142.3
    },
    {
        "timestamp": "2025-04-29T00:00:00Z",
        "field1": 14.2,
        "field2": 81.2,
        "field3": 58.1
    },
    {
        "timestamp": "2025-04-30T00:00:00Z",
        "field1": 10.8,
        "field2": 82.1,
        "field3": 104.1
    },
    {
        "timestamp": "2025-05-01T00:00:00Z",
        "field1": 13.4,
        "field2": 74.5,
        "field3": 23.9
    },
    {
        "timestamp": "2025-05-02T00:00:00Z",
        "field1": 11.1,
        "field2": 76.6,
        "field3": 23.9
    },
    {
        "timestamp": "2025-05-03T00:00:00Z",
        "field1": 12.2,
        "field2": 78.5,
        "field3": 27.8
    },
    {
        "timestamp": "2025-05-04T00:00:00Z",
        "field1": 10.9,
        "field2": 80.9,
        "field3": 66.6
    },
    {
        "timestamp": "2025-05-05T00:00:00Z",
        "field1": 5.4,
        "field2": 78.5,
        "field3": 58.4
    },
    {
        "timestamp": "2025-05-06T00:00:00Z",
        "field1": 6.1,
        "field2": 75.5,
        "field3": 38.0
    },
    {
        "timestamp": "2025-05-07T00:00:00Z",
        "field1": 5.2,
        "field2": 81.2,
        "field3": 188.1
    },
    {
        "timestamp": "2025-05-08T00:00:00Z",
        "field1": 10.9,
        "field2": 79.4,
        "field3": 156.7
    },
    {
        "timestamp": "2025-05-09T00:00:00Z",
        "field1": 6.9,
        "field2": 80.3,
        "field3": 179.0
    },
    {
        "timestamp": "2025-05-10T00:00:00Z",
        "field1": 7.9,
        "field2": 74.6,
        "field3": 91.1
    },
    {
        "timestamp": "2025-05-11T00:00:00Z",
        "field1": 7.0,
        "field2": 74.3,
        "field3": 148.3
    },
    {
        "timestamp": "2025-05-12T00:00:00Z",
        "field1": 12.4,
        "field2": 80.5,
        "field3": 111.9
    },
    {
        "timestamp": "2025-05-13T00:00:00Z",
        "field1": 11.0,
        "field2": 82.3,
        "field3": 180.7
    },
    {
        "timestamp": "2025-05-14T00:00:00Z",
        "field1": 10.9,
        "field2": 80.6,
        "field3": 30.3
    },
    {
        "timestamp": "2025-05-15T00:00:00Z",
        "field1": 13.2,
        "field2": 74.9,
        "field3": 22.8
    },
    {
        "timestamp": "2025-05-16T00:00:00Z",
        "field1": 11.4,
        "field2": 75.8,
        "field3": 29.9
    },
    {
        "timestamp": "2025-05-17T00:00:00Z",
        "field1": 14.1,
        "field2": 73.4,
        "field3": 150.3
    },
    {
        "timestamp": "2025-05-18T00:00:00Z",
        "field1": 13.2,
        "field2": 74.0,
        "field3": 97.6
    },
    {
        "timestamp": "2025-05-19T00:00:00Z",
        "field1": 12.6,
        "field2": 75.3,
        "field3": 77.9
    },
    {
        "timestamp": "2025-05-20T00:00:00Z",
        "field1": 7.8,
        "field2": 84.7,
        "field3": 60.0
    },
    {
        "timestamp": "2025-05-21T00:00:00Z",
        "field1": 9.7,
        "field2": 78.3,
        "field3": 20.6
    },
    {
        "timestamp": "2025-05-22T00:00:00Z",
        "field1": 10.8,
        "field2": 71.5,
        "field3": 124.0
    },
    {
        "timestamp": "2025-05-23T00:00:00Z",
        "field1": 8.2,
        "field2": 81.3,
        "field3": 162.4
    },
    {
        "timestamp": "2025-05-24T00:00:00Z",
        "field1": 5.9,
        "field2": 78.7,
        "field3": 198.8
    },
    {
        "timestamp": "2025-05-25T00:00:00Z",
        "field1": 12.6,
        "field2": 83.6,
        "field3": 172.8
    },
    {
        "timestamp": "2025-05-26T00:00:00Z",
        "field1": 8.3,
        "field2": 74.7,
        "field3": 50.4
    },
    {
        "timestamp": "2025-05-27T00:00:00Z",
        "field1": 14.5,
        "field2": 76.8,
        "field3": 148.9
    },
    {
        "timestamp": "2025-05-28T00:00:00Z",
        "field1": 8.7,
        "field2": 70.6,
        "field3": 82.7
    },
    {
        "timestamp": "2025-05-29T00:00:00Z",
        "field1": 11.5,
        "field2": 75.3,
        "field3": 23.8
    },
    {
        "timestamp": "2025-05-30T00:00:00Z",
        "field1": 8.1,
        "field2": 74.1,
        "field3": 48.2
    },
    {
        "timestamp": "2025-05-31T00:00:00Z",
        "field1": 6.1,
        "field2": 74.2,
        "field3": 58.5
    },
    {
        "timestamp": "2025-06-01T00:00:00Z",
        "field1": 20.9,
        "field2": 62.0,
        "field3": 18.1
    },
    {
        "timestamp": "2025-06-02T00:00:00Z",
        "field1": 20.6,
        "field2": 74.7,
        "field3": 101.3
    },
    {
        "timestamp": "2025-06-03T00:00:00Z",
        "field1": 18.1,
        "field2": 64.7,
        "field3": 23.3
    },
    {
        "timestamp": "2025-06-04T00:00:00Z",
        "field1": 20.9,
        "field2": 66.8,
        "field3": 147.7
    },
    {
        "timestamp": "2025-06-05T00:00:00Z",
        "field1": 21.3,
        "field2": 77.2,
        "field3": 144.6
    },
    {
        "timestamp": "2025-06-06T00:00:00Z",
        "field1": 24.9,
        "field2": 67.0,
        "field3": 143.9
    },
    {
        "timestamp": "2025-06-07T00:00:00Z",
        "field1": 19.5,
        "field2": 74.1,
        "field3": 144.7
    },
    {
        "timestamp": "2025-06-08T00:00:00Z",
        "field1": 24.4,
        "field2": 67.1,
        "field3": 110.7
    },
    {
        "timestamp": "2025-06-09T00:00:00Z",
        "field1": 19.5,
        "field2": 61.1,
        "field3": 46.8
    },
    {
        "timestamp": "2025-06-10T00:00:00Z",
        "field1": 23.3,
        "field2": 67.2,
        "field3": 135.6
    },
    {
        "timestamp": "2025-06-11T00:00:00Z",
        "field1": 17.1,
        "field2": 67.4,
        "field3": 20.8
    },
    {
        "timestamp": "2025-06-12T00:00:00Z",
        "field1": 15.4,
        "field2": 74.4,
        "field3": 16.3
    },
    {
        "timestamp": "2025-06-13T00:00:00Z",
        "field1": 24.3,
        "field2": 68.0,
        "field3": 97.5
    },
    {
        "timestamp": "2025-06-14T00:00:00Z",
        "field1": 16.4,
        "field2": 77.9,
        "field3": 24.9
    },
    {
        "timestamp": "2025-06-15T00:00:00Z",
        "field1": 21.7,
        "field2": 60.5,
        "field3": 132.7
    },
    {
        "timestamp": "2025-06-16T00:00:00Z",
        "field1": 21.2,
        "field2": 65.0,
        "field3": 110.7
    },
    {
        "timestamp": "2025-06-17T00:00:00Z",
        "field1": 18.8,
        "field2": 67.3,
        "field3": 90.8
    },
    {
        "timestamp": "2025-06-18T00:00:00Z",
        "field1": 15.9,
        "field2": 61.7,
        "field3": 137.5
    },
    {
        "timestamp": "2025-06-19T00:00:00Z",
        "field1": 18.2,
        "field2": 77.1,
        "field3": 99.4
    },
    {
        "timestamp": "2025-06-20T00:00:00Z",
        "field1": 20.9,
        "field2": 63.3,
        "field3": 112.5
    },
    {
        "timestamp": "2025-06-21T00:00:00Z",
        "field1": 24.8,
        "field2": 63.9,
        "field3": 114.3
    },
    {
        "timestamp": "2025-06-22T00:00:00Z",
        "field1": 15.3,
        "field2": 70.1,
        "field3": 88.2
    },
    {
        "timestamp": "2025-06-23T00:00:00Z",
        "field1": 22.7,
        "field2": 69.5,
        "field3": 84.9
    },
    {
        "timestamp": "2025-06-24T00:00:00Z",
        "field1": 20.2,
        "field2": 79.0,
        "field3": 64.0
    },
    {
        "timestamp": "2025-06-25T00:00:00Z",
        "field1": 21.8,
        "field2": 60.6,
        "field3": 42.7
    },
    {
        "timestamp": "2025-06-26T00:00:00Z",
        "field1": 20.2,
        "field2": 72.8,
        "field3": 33.9
    },
    {
        "timestamp": "2025-06-27T00:00:00Z",
        "field1": 16.4,
        "field2": 70.1,
        "field3": 84.6
    },
    {
        "timestamp": "2025-06-28T00:00:00Z",
        "field1": 17.6,
        "field2": 61.1,
        "field3": 120.4
    },
    {
        "timestamp": "2025-06-29T00:00:00Z",
        "field1": 17.5,
        "field2": 70.0,
        "field3": 64.0
    },
    {
        "timestamp": "2025-06-30T00:00:00Z",
        "field1": 20.4,
        "field2": 71.7,
        "field3": 115.8
    },
    {
        "timestamp": "2025-07-01T00:00:00Z",
        "field1": 18.4,
        "field2": 76.4,
        "field3": 137.6
    },
    {
        "timestamp": "2025-07-02T00:00:00Z",
        "field1": 18.9,
        "field2": 67.8,
        "field3": 9.6
    },
    {
        "timestamp": "2025-07-03T00:00:00Z",
        "field1": 15.3,
        "field2": 62.1,
        "field3": 79.3
    },
    {
        "timestamp": "2025-07-04T00:00:00Z",
        "field1": 19.8,
        "field2": 68.2,
        "field3": 73.8
    },
    {
        "timestamp": "2025-07-05T00:00:00Z",
        "field1": 16.0,
        "field2": 68.5,
        "field3": 121.4
    },
    {
        "timestamp": "2025-07-06T00:00:00Z",
        "field1": 20.4,
        "field2": 71.2,
        "field3": 133.2
    },
    {
        "timestamp": "2025-07-07T00:00:00Z",
        "field1": 21.3,
        "field2": 69.0,
        "field3": 117.2
    },
    {
        "timestamp": "2025-07-08T00:00:00Z",
        "field1": 23.0,
        "field2": 65.4,
        "field3": 32.4
    },
    {
        "timestamp": "2025-07-09T00:00:00Z",
        "field1": 16.2,
        "field2": 79.7,
        "field3": 17.5
    },
    {
        "timestamp": "2025-07-10T00:00:00Z",
        "field1": 17.4,
        "field2": 73.7,
        "field3": 64.0
    },
    {
        "timestamp": "2025-07-11T00:00:00Z",
        "field1": 21.6,
        "field2": 79.4,
        "field3": 69.8
    },
    {
        "timestamp": "2025-07-12T00:00:00Z",
        "field1": 17.0,
        "field2": 79.3,
        "field3": 5.3
    },
    {
        "timestamp": "2025-07-13T00:00:00Z",
        "field1": 22.8,
        "field2": 68.4,
        "field3": 11.7
    },
    {
        "timestamp": "2025-07-14T00:00:00Z",
        "field1": 19.7,
        "field2": 77.8,
        "field3": 34.3
    },
    {
        "timestamp": "2025-07-15T00:00:00Z",
        "field1": 22.5,
        "field2": 79.0,
        "field3": 65.4
    },
    {
        "timestamp": "2025-07-16T00:00:00Z",
        "field1": 20.8,
        "field2": 72.4,
        "field3": 62.9
    },
    {
        "timestamp": "2025-07-17T00:00:00Z",
        "field1": 16.4,
        "field2": 76.4,
        "field3": 108.2
    },
    {
        "timestamp": "2025-07-18T00:00:00Z",
        "field1": 22.2,
        "field2": 72.0,
        "field3": 95.8
    },
    {
        "timestamp": "2025-07-19T00:00:00Z",
        "field1": 21.6,
        "field2": 62.8,
        "field3": 131.3
    },
    {
        "timestamp": "2025-07-20T00:00:00Z",
        "field1": 20.2,
        "field2": 76.0,
        "field3": 129.1
    },
    {
        "timestamp": "2025-07-21T00:00:00Z",
        "field1": 24.5,
        "field2": 76.3,
        "field3": 77.8
    },
    {
        "timestamp": "2025-07-22T00:00:00Z",
        "field1": 24.1,
        "field2": 73.9,
        "field3": 136.3
    },
    {
        "timestamp": "2025-07-23T00:00:00Z",
        "field1": 22.4,
        "field2": 69.5,
        "field3": 121.1
    },
    {
        "timestamp": "2025-07-24T00:00:00Z",
        "field1": 24.9,
        "field2": 72.2,
        "field3": 72.2
    },
    {
        "timestamp": "2025-07-25T00:00:00Z",
        "field1": 20.9,
        "field2": 78.5,
        "field3": 114.0
    },
    {
        "timestamp": "2025-07-26T00:00:00Z",
        "field1": 21.7,
        "field2": 60.6,
        "field3": 64.3
    },
    {
        "timestamp": "2025-07-27T00:00:00Z",
        "field1": 23.6,
        "field2": 71.1,
        "field3": 44.3
    },
    {
        "timestamp": "2025-07-28T00:00:00Z",
        "field1": 16.6,
        "field2": 65.4,
        "field3": 86.2
    },
    {
        "timestamp": "2025-07-29T00:00:00Z",
        "field1": 24.2,
        "field2": 62.9,
        "field3": 70.7
    },
    {
        "timestamp": "2025-07-30T00:00:00Z",
        "field1": 19.1,
        "field2": 69.0,
        "field3": 92.1
    },
    {
        "timestamp": "2025-07-31T00:00:00Z",
        "field1": 18.2,
        "field2": 72.0,
        "field3": 84.3
    },
    {
        "timestamp": "2025-08-01T00:00:00Z",
        "field1": 23.1,
        "field2": 70.2,
        "field3": 30.2
    },
    {
        "timestamp": "2025-08-02T00:00:00Z",
        "field1": 17.3,
        "field2": 68.6,
        "field3": 100.3
    },
    {
        "timestamp": "2025-08-03T00:00:00Z",
        "field1": 23.6,
        "field2": 61.1,
        "field3": 69.9
    },
    {
        "timestamp": "2025-08-04T00:00:00Z",
        "field1": 18.8,
        "field2": 60.7,
        "field3": 119.2
    },
    {
        "timestamp": "2025-08-05T00:00:00Z",
        "field1": 18.3,
        "field2": 66.4,
        "field3": 10.2
    },
    {
        "timestamp": "2025-08-06T00:00:00Z",
        "field1": 23.5,
        "field2": 65.1,
        "field3": 10.2
    },
    {
        "timestamp": "2025-08-07T00:00:00Z",
        "field1": 21.8,
        "field2": 72.5,
        "field3": 130.7
    },
    {
        "timestamp": "2025-08-08T00:00:00Z",
        "field1": 25.0,
        "field2": 75.0,
        "field3": 123.4
    },
    {
        "timestamp": "2025-08-09T00:00:00Z",
        "field1": 22.0,
        "field2": 75.0,
        "field3": 86.7
    },
    {
        "timestamp": "2025-08-10T00:00:00Z",
        "field1": 18.9,
        "field2": 67.3,
        "field3": 143.3
    },
    {
        "timestamp": "2025-08-11T00:00:00Z",
        "field1": 19.0,
        "field2": 65.8,
        "field3": 141.8
    },
    {
        "timestamp": "2025-08-12T00:00:00Z",
        "field1": 21.0,
        "field2": 62.4,
        "field3": 14.8
    },
    {
        "timestamp": "2025-08-13T00:00:00Z",
        "field1": 22.5,
        "field2": 65.7,
        "field3": 7.0
    },
    {
        "timestamp": "2025-08-14T00:00:00Z",
        "field1": 18.2,
        "field2": 76.0,
        "field3": 74.3
    },
    {
        "timestamp": "2025-08-15T00:00:00Z",
        "field1": 23.2,
        "field2": 77.2,
        "field3": 61.4
    },
    {
        "timestamp": "2025-08-16T00:00:00Z",
        "field1": 17.6,
        "field2": 72.8,
        "field3": 19.8
    },
    {
        "timestamp": "2025-08-17T00:00:00Z",
        "field1": 24.1,
        "field2": 67.9,
        "field3": 35.1
    },
    {
        "timestamp": "2025-08-18T00:00:00Z",
        "field1": 16.9,
        "field2": 79.8,
        "field3": 116.8
    },
    {
        "timestamp": "2025-08-19T00:00:00Z",
        "field1": 17.9,
        "field2": 65.1,
        "field3": 11.1
    },
    {
        "timestamp": "2025-08-20T00:00:00Z",
        "field1": 17.3,
        "field2": 70.6,
        "field3": 15.1
    },
    {
        "timestamp": "2025-08-21T00:00:00Z",
        "field1": 19.1,
        "field2": 75.2,
        "field3": 137.5
    },
    {
        "timestamp": "2025-08-22T00:00:00Z",
        "field1": 21.7,
        "field2": 66.4,
        "field3": 126.6
    },
    {
        "timestamp": "2025-08-23T00:00:00Z",
        "field1": 23.4,
        "field2": 65.2,
        "field3": 118.6
    },
    {
        "timestamp": "2025-08-24T00:00:00Z",
        "field1": 21.1,
        "field2": 67.4,
        "field3": 90.7
    },
    {
        "timestamp": "2025-08-25T00:00:00Z",
        "field1": 17.9,
        "field2": 61.2,
        "field3": 143.1
    },
    {
        "timestamp": "2025-08-26T00:00:00Z",
        "field1": 18.1,
        "field2": 78.4,
        "field3": 93.5
    },
    {
        "timestamp": "2025-08-27T00:00:00Z",
        "field1": 21.8,
        "field2": 69.4,
        "field3": 142.3
    },
    {
        "timestamp": "2025-08-28T00:00:00Z",
        "field1": 19.6,
        "field2": 64.9,
        "field3": 85.0
    },
    {
        "timestamp": "2025-08-29T00:00:00Z",
        "field1": 22.1,
        "field2": 66.2,
        "field3": 92.6
    },
    {
        "timestamp": "2025-08-30T00:00:00Z",
        "field1": 17.4,
        "field2": 71.2,
        "field3": 140.3
    },
    {
        "timestamp": "2025-08-31T00:00:00Z",
        "field1": 18.8,
        "field2": 79.9,
        "field3": 21.7
    },
    {
        "timestamp": "2025-09-01T00:00:00Z",
        "field1": 9.3,
        "field2": 77.1,
        "field3": 241.3
    },
    {
        "timestamp": "2025-09-02T00:00:00Z",
        "field1": 14.9,
        "field2": 75.6,
        "field3": 213.2
    },
    {
        "timestamp": "2025-09-03T00:00:00Z",
        "field1": 5.3,
        "field2": 76.1,
        "field3": 102.1
    },
    {
        "timestamp": "2025-09-04T00:00:00Z",
        "field1": 16.4,
        "field2": 82.8,
        "field3": 165.1
    },
    {
        "timestamp": "2025-09-05T00:00:00Z",
        "field1": 13.4,
        "field2": 77.6,
        "field3": 88.9
    },
    {
        "timestamp": "2025-09-06T00:00:00Z",
        "field1": 16.3,
        "field2": 85.4,
        "field3": 109.9
    },
    {
        "timestamp": "2025-09-07T00:00:00Z",
        "field1": 6.3,
        "field2": 86.2,
        "field3": 56.6
    },
    {
        "timestamp": "2025-09-08T00:00:00Z",
        "field1": 16.0,
        "field2": 76.5,
        "field3": 140.9
    },
    {
        "timestamp": "2025-09-09T00:00:00Z",
        "field1": 7.1,
        "field2": 77.7,
        "field3": 169.7
    },
    {
        "timestamp": "2025-09-10T00:00:00Z",
        "field1": 7.3,
        "field2": 83.5,
        "field3": 70.1
    },
    {
        "timestamp": "2025-09-11T00:00:00Z",
        "field1": 13.6,
        "field2": 88.7,
        "field3": 144.4
    },
    {
        "timestamp": "2025-09-12T00:00:00Z",
        "field1": 11.5,
        "field2": 85.4,
        "field3": 29.8
    },
    {
        "timestamp": "2025-09-13T00:00:00Z",
        "field1": 12.9,
        "field2": 82.7,
        "field3": 175.0
    },
    {
        "timestamp": "2025-09-14T00:00:00Z",
        "field1": 6.4,
        "field2": 85.1,
        "field3": 40.8
    },
    {
        "timestamp": "2025-09-15T00:00:00Z",
        "field1": 7.2,
        "field2": 85.8,
        "field3": 210.1
    },
    {
        "timestamp": "2025-09-16T00:00:00Z",
        "field1": 14.1,
        "field2": 87.7,
        "field3": 92.9
    },
    {
        "timestamp": "2025-09-17T00:00:00Z",
        "field1": 14.9,
        "field2": 88.2,
        "field3": 175.2
    },
    {
        "timestamp": "2025-09-18T00:00:00Z",
        "field1": 9.4,
        "field2": 76.0,
        "field3": 28.5
    },
    {
        "timestamp": "2025-09-19T00:00:00Z",
        "field1": 8.8,
        "field2": 83.2,
        "field3": 216.0
    },
    {
        "timestamp": "2025-09-20T00:00:00Z",
        "field1": 9.7,
        "field2": 89.0,
        "field3": 219.4
    },
    {
        "timestamp": "2025-09-21T00:00:00Z",
        "field1": 13.6,
        "field2": 86.1,
        "field3": 196.1
    },
    {
        "timestamp": "2025-09-22T00:00:00Z",
        "field1": 7.4,
        "field2": 75.1,
        "field3": 59.0
    },
    {
        "timestamp": "2025-09-23T00:00:00Z",
        "field1": 16.5,
        "field2": 75.1,
        "field3": 65.5
    },
    {
        "timestamp": "2025-09-24T00:00:00Z",
        "field1": 12.0,
        "field2": 80.1,
        "field3": 213.7
    },
    {
        "timestamp": "2025-09-25T00:00:00Z",
        "field1": 5.1,
        "field2": 81.6,
        "field3": 87.9
    },
    {
        "timestamp": "2025-09-26T00:00:00Z",
        "field1": 10.6,
        "field2": 88.4,
        "field3": 27.2
    },
    {
        "timestamp": "2025-09-27T00:00:00Z",
        "field1": 7.9,
        "field2": 87.1,
        "field3": 136.7
    },
    {
        "timestamp": "2025-09-28T00:00:00Z",
        "field1": 10.7,
        "field2": 85.3,
        "field3": 167.7
    },
    {
        "timestamp": "2025-09-29T00:00:00Z",
        "field1": 7.8,
        "field2": 82.4,
        "field3": 245.1
    },
    {
        "timestamp": "2025-09-30T00:00:00Z",
        "field1": 6.1,
        "field2": 78.4,
        "field3": 87.8
    }
]